employee_id,bench_start,bench_end,bench_days
EMP00001,2024-12-10,2025-01-04,25
EMP00002,2025-10-24,2025-10-28,4
EMP00003,2017-08-28,2017-09-13,16
EMP00003,2020-05-27,2020-06-22,26
EMP00003,2021-12-08,2021-12-22,14
EMP00004,2023-10-30,2023-11-24,25
EMP00005,2022-02-04,2022-03-02,26
EMP00005,2023-05-03,2023-06-20,48
EMP00005,2024-05-21,2024-07-09,49
EMP00005,2025-11-19,2025-12-22,33
EMP00005,2026-06-11,2026-07-21,40
EMP00007,2022-11-27,2022-12-01,4
EMP00007,2024-10-05,2024-11-13,39
EMP00008,2019-03-14,2019-03-31,17
EMP00008,2023-12-08,2024-01-22,45
EMP00008,2025-10-06,2025-11-03,28
EMP00009,2025-10-28,2025-11-01,4
EMP00010,2023-12-04,2023-12-26,22
EMP00010,2024-06-09,2024-07-05,26
EMP00011,2019-02-23,2019-04-19,55
EMP00011,2019-07-13,2019-09-23,72
EMP00011,2020-10-08,2020-11-15,38
EMP00011,2021-05-07,2021-06-25,49
EMP00011,2023-07-01,2023-08-16,46
EMP00011,2024-12-24,2025-02-23,61
EMP00011,2026-02-08,2026-03-12,32
EMP00013,2025-10-19,2025-11-10,22
EMP00014,2021-07-13,2021-08-07,25
EMP00014,2024-03-19,2024-04-05,17
EMP00014,2024-11-02,2024-11-24,22
EMP00015,2025-02-06,2025-04-02,55
EMP00015,2026-03-14,2026-04-29,46
EMP00016,2023-03-26,2023-05-07,42
EMP00016,2024-01-26,2024-03-22,56
EMP00016,2024-11-12,2024-12-19,37
EMP00016,2025-09-17,2025-11-03,47
EMP00016,2026-05-31,2026-07-11,41
EMP00017,2023-08-10,2023-08-14,4
EMP00017,2024-05-23,2024-06-10,18
EMP00017,2024-08-12,2024-09-10,29
EMP00018,2022-08-28,2022-10-05,38
EMP00018,2024-10-18,2024-11-28,41
EMP00018,2025-03-07,2025-04-08,32
EMP00018,2026-01-27,2026-04-02,65
EMP00019,2022-04-28,2022-05-12,14
EMP00019,2022-07-29,2022-08-31,33
EMP00019,2024-10-12,2024-11-08,27
EMP00019,2025-05-19,2025-06-15,27
EMP00021,2016-06-07,2016-07-14,37
EMP00021,2020-03-25,2020-05-06,42
EMP00021,2021-04-12,2021-04-27,15
EMP00021,2022-05-16,2022-06-08,23
EMP00021,2022-08-25,2022-10-06,42
EMP00021,2024-12-17,2025-01-14,28
EMP00021,2025-12-08,2025-12-12,4
EMP00022,2017-10-11,2017-11-17,37
EMP00022,2020-04-06,2020-05-25,49
EMP00022,2021-06-06,2021-07-18,42
EMP00022,2021-09-25,2021-11-23,59
EMP00022,2023-01-28,2023-02-08,11
EMP00022,2023-09-27,2023-11-13,47
EMP00023,2022-04-09,2022-05-19,40
EMP00023,2023-06-17,2023-08-19,63
EMP00023,2023-11-11,2023-12-25,44
EMP00023,2024-08-24,2024-10-04,41
EMP00023,2025-09-27,2025-12-09,73
EMP00024,2025-01-04,2025-02-04,31
EMP00026,2012-03-02,2012-05-04,63
EMP00026,2012-09-18,2012-11-10,53
EMP00026,2013-03-25,2013-06-01,68
EMP00026,2015-09-23,2015-11-26,64
EMP00026,2016-10-28,2017-01-15,79
EMP00026,2019-05-19,2019-07-01,43
EMP00026,2020-03-11,2020-05-02,52
EMP00026,2021-09-28,2021-11-16,49
EMP00026,2022-01-26,2022-03-13,46
EMP00026,2023-05-19,2023-06-30,42
EMP00026,2024-12-02,2025-01-16,45
EMP00026,2026-05-28,2026-07-24,57
EMP00027,2022-02-18,2022-03-04,14
EMP00027,2022-09-04,2022-09-08,4
EMP00027,2024-10-19,2024-11-08,20
EMP00027,2025-08-13,2025-08-23,10
EMP00028,2020-03-11,2020-04-17,37
EMP00028,2021-08-07,2021-10-04,58
EMP00028,2022-03-22,2022-05-12,51
EMP00028,2023-07-27,2023-09-19,54
EMP00028,2024-12-18,2025-02-06,50
EMP00028,2026-01-25,2026-04-08,73
EMP00029,2020-12-24,2020-12-28,4
EMP00030,2020-12-03,2020-12-12,9
EMP00030,2021-07-01,2021-08-05,35
EMP00030,2023-09-12,2023-10-11,29
EMP00031,2022-02-18,2022-03-31,41
EMP00031,2022-09-17,2022-12-07,81
EMP00031,2023-06-30,2023-08-24,55
EMP00031,2024-05-07,2024-06-22,46
EMP00031,2024-12-11,2025-02-11,62
EMP00031,2025-12-07,2026-01-28,52
EMP00032,2021-02-21,2021-03-21,28
EMP00032,2021-12-05,2021-12-29,24
EMP00032,2023-12-21,2024-02-18,59
EMP00032,2025-03-09,2025-04-16,38
EMP00033,2015-05-28,2015-07-05,38
EMP00033,2016-01-06,2016-01-24,18
EMP00033,2017-12-25,2018-02-02,39
EMP00033,2018-12-07,2019-01-16,40
EMP00033,2019-09-19,2019-10-13,24
EMP00033,2020-05-07,2020-05-25,18
EMP00033,2023-08-28,2023-10-08,41
EMP00033,2025-02-26,2025-04-07,40
EMP00033,2025-07-27,2025-09-08,43
EMP00034,2024-01-14,2024-02-19,36
EMP00034,2025-10-26,2025-12-05,40
EMP00035,2020-07-25,2020-08-16,22
EMP00035,2021-01-13,2021-02-10,28
EMP00036,2022-09-04,2022-11-07,64
EMP00036,2023-06-04,2023-08-12,69
EMP00037,2016-08-23,2016-09-13,21
EMP00037,2022-11-07,2022-12-04,27
EMP00039,2022-01-03,2022-01-26,23
EMP00039,2025-01-12,2025-02-04,23
EMP00039,2026-03-13,2026-04-23,41
EMP00040,2024-11-05,2024-12-15,40
EMP00040,2025-02-20,2025-03-30,38
EMP00040,2025-11-15,2025-12-06,21
EMP00041,2019-03-30,2019-05-09,40
EMP00041,2023-10-16,2023-11-11,26
EMP00042,2022-04-23,2022-05-02,9
EMP00042,2022-12-28,2023-01-29,32
EMP00042,2023-10-16,2023-11-14,29
EMP00042,2024-06-23,2024-07-19,26
EMP00043,2022-07-25,2022-07-29,4
EMP00043,2024-07-25,2024-07-30,5
EMP00047,2015-11-11,2015-12-28,47
EMP00047,2017-02-13,2017-03-31,46
EMP00047,2018-08-21,2018-09-24,34
EMP00047,2019-09-04,2019-10-18,44
EMP00047,2020-05-26,2020-07-03,38
EMP00047,2020-09-25,2020-11-24,60
EMP00047,2021-02-16,2021-03-21,33
EMP00047,2021-08-28,2021-10-26,59
EMP00047,2023-04-01,2023-05-07,36
EMP00047,2023-09-30,2023-11-17,48
EMP00047,2024-09-27,2024-12-13,77
EMP00047,2025-04-26,2025-06-30,65
EMP00047,2025-12-27,2026-03-04,67
EMP00048,2022-02-01,2022-03-14,41
EMP00048,2022-06-12,2022-07-26,44
EMP00048,2025-01-16,2025-02-18,33
EMP00048,2025-10-15,2025-12-13,59
EMP00049,2018-06-06,2018-06-10,4
EMP00051,2017-09-15,2017-10-22,37
EMP00051,2019-05-18,2019-06-18,31
EMP00051,2020-09-23,2020-11-07,45
EMP00051,2021-10-30,2021-12-03,34
EMP00051,2023-07-30,2023-09-01,33
EMP00051,2023-11-03,2023-12-14,41
EMP00052,2018-11-12,2018-12-05,23
EMP00052,2020-06-07,2020-06-28,21
EMP00052,2021-06-24,2021-07-24,30
EMP00052,2021-10-17,2021-11-20,34
EMP00052,2024-01-01,2024-02-09,39
EMP00052,2024-10-21,2024-11-13,23
EMP00052,2025-07-17,2025-07-25,8
EMP00053,2026-02-07,2026-03-04,25
EMP00055,2021-09-20,2021-10-06,16
EMP00055,2022-07-02,2022-07-24,22
EMP00055,2025-06-25,2025-06-29,4
EMP00055,2025-11-30,2026-01-20,51
EMP00056,2025-03-23,2025-04-08,16
EMP00056,2025-10-16,2025-10-25,9
EMP00057,2023-08-07,2023-09-14,38
EMP00057,2024-10-19,2024-12-08,50
EMP00057,2025-08-23,2025-10-07,45
EMP00057,2026-01-04,2026-03-03,58
EMP00058,2025-09-17,2025-11-01,45
EMP00059,2022-05-16,2022-07-14,59
EMP00059,2022-10-29,2022-12-01,33
EMP00059,2024-09-27,2024-10-28,31
EMP00060,2022-08-21,2022-09-24,34
EMP00060,2025-04-21,2025-06-05,45
EMP00061,2024-10-19,2024-11-26,38
EMP00062,2013-11-08,2013-12-04,26
EMP00062,2015-03-02,2015-04-01,30
EMP00062,2015-09-25,2015-10-18,23
EMP00062,2016-11-05,2016-12-11,36
EMP00062,2017-05-15,2017-06-22,38
EMP00062,2018-01-13,2018-03-07,53
EMP00062,2019-03-07,2019-03-30,23
EMP00062,2023-03-12,2023-04-19,38
EMP00062,2023-12-19,2024-02-03,46
EMP00062,2026-03-04,2026-04-30,57
EMP00063,2016-11-17,2016-12-15,28
EMP00063,2017-12-02,2017-12-21,19
EMP00063,2020-06-06,2020-07-04,28
EMP00063,2021-04-16,2021-04-25,9
EMP00063,2024-02-28,2024-03-15,16
EMP00063,2026-04-04,2026-05-18,44
EMP00064,2019-05-09,2019-06-09,31
EMP00064,2020-12-11,2021-01-01,21
EMP00064,2022-01-26,2022-03-19,52
EMP00064,2022-09-30,2022-11-09,40
EMP00064,2023-05-02,2023-06-27,56
EMP00064,2023-11-22,2024-01-25,64
EMP00064,2025-12-22,2026-02-22,62
EMP00065,2023-05-16,2023-05-20,4
EMP00066,2023-03-24,2023-05-30,67
EMP00066,2023-10-02,2023-11-26,55
EMP00066,2024-05-10,2024-07-06,57
EMP00066,2025-06-25,2025-08-20,56
EMP00066,2025-11-23,2026-01-15,53
EMP00067,2022-07-15,2022-08-08,24
EMP00068,2023-04-11,2023-05-03,22
EMP00068,2023-12-15,2023-12-23,8
EMP00068,2025-10-24,2025-11-30,37
EMP00069,2023-04-08,2023-05-08,30
EMP00069,2024-01-01,2024-02-03,33
EMP00069,2024-09-14,2024-10-23,39
EMP00071,2013-03-16,2013-05-04,49
EMP00071,2015-04-29,2015-07-04,66
EMP00071,2015-10-10,2015-12-03,54
EMP00071,2016-04-23,2016-05-20,27
EMP00071,2016-09-07,2016-10-02,25
EMP00071,2020-02-15,2020-03-28,42
EMP00071,2021-07-24,2021-09-06,44
EMP00071,2023-05-04,2023-06-04,31
EMP00071,2024-06-18,2024-07-05,17
EMP00071,2025-06-16,2025-07-22,36
EMP00071,2026-04-05,2026-06-01,57
EMP00072,2019-08-11,2019-09-12,32
EMP00072,2023-05-19,2023-06-14,26
EMP00072,2025-12-13,2026-01-09,27
EMP00073,2020-02-26,2020-04-16,50
EMP00073,2020-11-07,2020-12-10,33
EMP00073,2021-03-20,2021-04-22,33
EMP00073,2022-01-14,2022-03-16,61
EMP00073,2022-11-03,2022-12-23,50
EMP00073,2024-02-11,2024-03-24,42
EMP00073,2025-05-21,2025-06-19,29
EMP00074,2025-09-25,2025-10-18,23
EMP00074,2026-06-14,2026-07-01,17
EMP00075,2019-12-23,2020-02-01,40
EMP00075,2021-04-18,2021-05-25,37
EMP00075,2024-01-13,2024-02-18,36
EMP00076,2022-02-07,2022-03-25,46
EMP00076,2022-06-28,2022-09-17,81
EMP00076,2022-12-22,2023-02-05,45
EMP00076,2023-07-21,2023-09-14,55
EMP00076,2024-07-19,2024-09-04,47
EMP00076,2025-02-06,2025-04-07,60
EMP00076,2025-11-30,2026-01-07,38
EMP00077,2026-06-07,2026-06-20,13
EMP00078,2024-12-03,2025-01-19,47
EMP00078,2026-02-18,2026-04-09,50
EMP00079,2019-02-06,2019-04-03,56
EMP00079,2019-10-22,2019-11-16,25
EMP00079,2020-02-02,2020-03-07,34
EMP00079,2020-08-19,2020-10-08,50
EMP00079,2021-05-16,2021-06-21,36
EMP00079,2021-10-28,2021-12-17,50
EMP00079,2022-05-31,2022-08-06,67
EMP00079,2024-02-17,2024-04-21,64
EMP00079,2024-09-17,2024-10-31,44
EMP00079,2025-07-19,2025-09-14,57
EMP00080,2025-03-30,2025-04-03,4
EMP00081,2023-01-08,2023-01-17,9
EMP00082,2017-06-05,2017-06-27,22
EMP00082,2019-03-22,2019-04-14,23
EMP00082,2020-06-05,2020-06-26,21
EMP00082,2022-05-28,2022-07-01,34
EMP00082,2025-05-07,2025-06-02,26
EMP00083,2022-05-27,2022-06-20,24
EMP00083,2023-01-16,2023-02-16,31
EMP00083,2024-11-21,2024-12-28,37
EMP00083,2025-05-09,2025-06-26,48
EMP00083,2025-10-11,2025-11-15,35
EMP00084,2024-11-13,2024-11-19,6
EMP00084,2025-05-24,2025-06-02,9
EMP00085,2021-04-07,2021-05-10,33
EMP00085,2024-03-23,2024-04-20,28
EMP00085,2025-03-08,2025-04-19,42
EMP00086,2023-05-29,2023-07-04,36
EMP00086,2023-10-18,2023-11-23,36
EMP00086,2024-05-02,2024-06-22,51
EMP00086,2025-09-10,2025-10-05,25
EMP00086,2026-04-17,2026-06-10,54
EMP00087,2020-06-04,2020-07-19,45
EMP00087,2022-07-30,2022-08-18,19
EMP00087,2023-04-26,2023-05-22,26
EMP00087,2023-11-23,2023-12-27,34
EMP00087,2025-04-11,2025-05-02,21
EMP00088,2016-02-19,2016-03-08,18
EMP00088,2018-05-22,2018-05-26,4
EMP00089,2019-09-05,2019-10-08,33
EMP00089,2020-04-27,2020-05-15,18
EMP00089,2020-12-02,2021-01-11,40
EMP00089,2021-08-09,2021-09-29,51
EMP00089,2022-05-24,2022-06-17,24
EMP00089,2022-12-05,2023-01-16,42
EMP00089,2025-07-31,2025-09-04,35
EMP00090,2014-04-15,2014-05-14,29
EMP00090,2015-11-11,2015-12-17,36
EMP00090,2017-01-22,2017-03-12,49
EMP00090,2017-07-21,2017-09-17,58
EMP00090,2018-01-22,2018-02-26,35
EMP00090,2018-09-20,2018-10-28,38
EMP00090,2020-12-29,2021-02-12,45
EMP00090,2021-08-24,2021-10-27,64
EMP00090,2022-10-22,2022-12-20,59
EMP00090,2024-08-03,2024-09-14,42
EMP00090,2025-08-01,2025-09-24,54
EMP00090,2026-01-05,2026-02-22,48
EMP00091,2025-07-22,2025-08-18,27
EMP00092,2021-03-18,2021-04-02,15
EMP00092,2021-10-03,2021-11-12,40
EMP00092,2023-08-03,2023-09-01,29
EMP00092,2024-01-27,2024-03-01,34
EMP00092,2024-05-11,2024-05-15,4
EMP00093,2017-10-15,2017-10-19,4
EMP00094,2025-11-28,2025-12-11,13
EMP00095,2025-09-26,2025-10-03,7
EMP00096,2018-03-15,2018-04-14,30
EMP00096,2020-08-16,2020-10-04,49
EMP00096,2021-06-03,2021-08-02,60
EMP00096,2022-12-31,2023-02-17,48
EMP00096,2023-09-30,2023-11-29,60
EMP00096,2025-03-08,2025-05-01,54
EMP00097,2020-04-03,2020-05-20,47
EMP00097,2021-06-12,2021-08-03,52
EMP00097,2023-01-01,2023-02-11,41
EMP00097,2023-07-21,2023-09-03,44
EMP00097,2023-11-03,2023-12-14,41
EMP00098,2021-05-12,2021-07-10,59
EMP00098,2021-12-22,2022-01-23,32
EMP00098,2022-05-14,2022-07-01,48
EMP00098,2023-04-04,2023-06-06,63
EMP00098,2024-05-10,2024-07-04,55
EMP00098,2025-02-17,2025-04-21,63
EMP00098,2026-04-05,2026-05-11,36
EMP00100,2020-04-20,2020-06-12,53
EMP00100,2021-10-08,2021-11-07,30
EMP00100,2022-07-09,2022-08-17,39
EMP00100,2023-08-16,2023-09-30,45
EMP00100,2025-07-24,2025-08-31,38
EMP00101,2025-11-24,2026-01-06,43
EMP00102,2022-10-13,2022-10-18,5
EMP00103,2023-02-08,2023-03-20,40
EMP00103,2023-07-20,2023-09-19,61
EMP00103,2024-08-16,2024-10-08,53
EMP00103,2025-11-07,2025-12-18,41
EMP00104,2020-06-02,2020-07-28,56
EMP00104,2021-08-21,2021-09-21,31
EMP00104,2021-12-08,2022-02-25,79
EMP00104,2022-06-28,2022-08-11,44
EMP00104,2023-10-19,2023-12-04,46
EMP00104,2025-02-21,2025-04-09,47
EMP00104,2025-06-28,2025-08-29,62
EMP00105,2024-01-02,2024-01-11,9
EMP00106,2019-11-24,2019-12-18,24
EMP00106,2024-04-21,2024-05-21,30
EMP00107,2025-03-01,2025-04-16,46
EMP00108,2017-11-07,2017-12-24,47
EMP00108,2018-03-02,2018-05-03,62
EMP00108,2019-08-30,2019-10-27,58
EMP00108,2021-03-17,2021-04-22,36
EMP00108,2022-03-15,2022-04-18,34
EMP00108,2024-12-25,2025-02-07,44
EMP00108,2025-08-20,2025-09-14,25
EMP00109,2021-09-14,2021-10-21,37
EMP00111,2025-09-29,2025-11-06,38
EMP00112,2026-05-01,2026-05-27,26
EMP00113,2017-02-13,2017-04-13,59
EMP00113,2019-11-29,2020-01-15,47
EMP00113,2021-06-23,2021-07-19,26
EMP00113,2022-10-03,2022-11-19,47
EMP00113,2023-04-29,2023-06-22,54
EMP00113,2024-10-06,2024-10-16,10
EMP00113,2025-06-18,2025-07-25,37
EMP00114,2024-08-18,2024-09-09,22
EMP00115,2019-10-02,2019-11-19,48
EMP00115,2020-02-27,2020-03-07,9
EMP00115,2025-05-10,2025-06-10,31
EMP00115,2025-08-25,2025-09-19,25
EMP00116,2021-08-19,2021-09-06,18
EMP00116,2022-04-26,2022-05-26,30
EMP00116,2026-01-01,2026-01-15,14
EMP00119,2014-03-02,2014-05-06,65
EMP00119,2014-10-23,2014-12-09,47
EMP00119,2015-03-26,2015-05-19,54
EMP00119,2015-08-20,2015-10-12,53
EMP00119,2016-06-06,2016-07-18,42
EMP00119,2017-01-20,2017-03-12,51
EMP00119,2017-11-13,2018-01-14,62
EMP00119,2018-05-03,2018-06-25,53
EMP00119,2019-02-05,2019-03-31,54
EMP00119,2020-09-24,2020-11-19,56
EMP00119,2021-09-07,2021-10-12,35
EMP00119,2022-05-20,2022-07-11,52
EMP00119,2023-08-21,2023-10-12,52
EMP00119,2024-07-16,2024-09-10,56
EMP00119,2025-03-11,2025-04-19,39
EMP00119,2025-11-07,2026-01-16,70
EMP00119,2026-04-18,2026-05-27,39
EMP00121,2019-10-06,2019-12-05,60
EMP00121,2020-04-30,2020-06-22,53
EMP00121,2022-06-13,2022-07-31,48
EMP00121,2023-05-06,2023-07-01,56
EMP00121,2024-01-14,2024-03-05,51
EMP00121,2024-09-29,2024-10-28,29
EMP00121,2025-06-10,2025-07-31,51
EMP00121,2026-02-14,2026-04-09,54
EMP00122,2020-09-16,2020-10-16,30
EMP00122,2021-04-25,2021-06-10,46
EMP00122,2022-12-14,2023-02-02,50
EMP00122,2024-08-09,2024-09-21,43
EMP00124,2021-12-15,2022-01-19,35
EMP00124,2022-07-24,2022-08-23,30
EMP00124,2025-05-30,2025-06-03,4
EMP00124,2025-12-05,2025-12-25,20
EMP00125,2024-05-27,2024-06-04,8
EMP00125,2024-11-17,2024-12-09,22
EMP00126,2025-03-28,2025-04-12,15
EMP00127,2024-03-27,2024-05-22,56
EMP00127,2024-12-28,2025-02-10,44
EMP00127,2025-10-13,2025-11-11,29
EMP00128,2026-04-01,2026-04-22,21
EMP00129,2025-01-09,2025-01-18,9
EMP00130,2018-09-20,2018-10-28,38
EMP00130,2019-08-15,2019-10-09,55
EMP00130,2021-04-14,2021-06-08,55
EMP00130,2023-08-04,2023-09-28,55
EMP00130,2025-02-11,2025-04-01,49
EMP00131,2022-10-02,2022-10-07,5
EMP00131,2023-02-08,2023-02-18,10
EMP00132,2024-10-26,2024-11-19,24
EMP00132,2026-03-31,2026-04-23,23
EMP00133,2022-08-14,2022-09-03,20
EMP00133,2024-04-23,2024-05-24,31
EMP00133,2024-09-25,2024-10-12,17
EMP00133,2025-05-31,2025-07-11,41
EMP00133,2025-11-19,2025-12-29,40
EMP00134,2025-10-13,2025-11-07,25
EMP00134,2026-05-07,2026-06-06,30
EMP00135,2018-12-07,2018-12-15,8
EMP00135,2021-08-27,2021-09-06,10
EMP00135,2023-04-18,2023-04-28,10
EMP00136,2019-06-14,2019-07-12,28
EMP00136,2020-01-15,2020-03-02,47
EMP00136,2021-03-24,2021-05-15,52
EMP00136,2024-12-14,2025-02-12,60
EMP00137,2021-07-23,2021-08-02,10
EMP00137,2022-08-27,2022-09-23,27
EMP00138,2024-05-10,2024-07-02,53
EMP00138,2025-07-10,2025-08-15,36
EMP00139,2026-05-22,2026-06-29,38
EMP00140,2020-06-12,2020-08-05,54
EMP00140,2023-12-31,2024-01-25,25
EMP00140,2025-10-14,2025-10-19,5
EMP00141,2024-04-09,2024-05-24,45
EMP00142,2014-10-12,2014-11-02,21
EMP00142,2019-03-15,2019-03-31,16
EMP00142,2019-07-30,2019-08-03,4
EMP00143,2023-06-10,2023-06-22,12
EMP00144,2019-09-19,2019-10-16,27
EMP00145,2025-10-04,2025-10-28,24
EMP00146,2011-01-06,2011-02-08,33
EMP00146,2014-10-22,2014-12-02,41
EMP00146,2015-08-02,2015-09-21,50
EMP00146,2016-01-12,2016-02-08,27
EMP00146,2017-06-06,2017-07-20,44
EMP00146,2017-09-22,2017-11-17,56
EMP00146,2019-12-19,2020-01-22,34
EMP00146,2021-09-15,2021-11-19,65
EMP00146,2022-08-29,2022-10-02,34
EMP00146,2024-09-15,2024-10-29,44
EMP00149,2025-07-13,2025-09-17,66
EMP00151,2016-06-22,2016-07-21,29
EMP00151,2019-05-04,2019-06-12,39
EMP00151,2020-10-26,2020-12-02,37
EMP00151,2023-05-21,2023-06-11,21
EMP00151,2024-03-24,2024-05-05,42
EMP00151,2024-12-21,2025-01-22,32
EMP00151,2025-09-23,2025-09-30,7
EMP00151,2025-12-31,2026-01-26,26
EMP00152,2022-11-20,2022-12-06,16
EMP00154,2019-02-01,2019-03-02,29
EMP00154,2021-05-10,2021-06-07,28
EMP00154,2024-02-05,2024-03-11,35
EMP00154,2025-11-05,2025-11-24,19
EMP00155,2019-01-27,2019-02-18,22
EMP00155,2019-05-17,2019-06-23,37
EMP00155,2020-02-01,2020-03-10,38
EMP00155,2020-07-14,2020-08-22,39
EMP00155,2022-04-23,2022-06-20,58
EMP00155,2024-12-29,2025-01-31,33
EMP00155,2026-03-08,2026-03-24,16
EMP00155,2026-06-03,2026-07-11,38
EMP00156,2025-08-04,2025-09-07,34
EMP00157,2026-04-25,2026-06-10,46
EMP00159,2020-10-30,2020-11-16,17
EMP00159,2021-06-02,2021-06-29,27
EMP00159,2023-12-01,2023-12-05,4
EMP00159,2024-09-06,2024-10-08,32
EMP00160,2015-02-03,2015-03-23,48
EMP00160,2017-01-07,2017-01-24,17
EMP00160,2017-12-30,2018-02-08,40
EMP00160,2018-04-27,2018-06-01,35
EMP00160,2023-10-23,2023-11-14,22
EMP00161,2026-01-01,2026-03-12,70
EMP00163,2025-10-11,2025-10-25,14
EMP00164,2021-06-20,2021-07-19,29
EMP00164,2022-03-13,2022-04-06,24
EMP00164,2022-11-26,2022-12-21,25
EMP00164,2023-11-21,2023-12-06,15
EMP00165,2016-10-13,2016-11-19,37
EMP00165,2019-03-28,2019-04-25,28
EMP00165,2020-12-07,2021-01-17,41
EMP00165,2024-09-02,2024-09-30,28
EMP00166,2020-10-08,2020-11-09,32
EMP00167,2025-11-10,2025-12-31,51
EMP00168,2017-01-01,2017-02-26,56
EMP00168,2017-10-25,2017-12-01,37
EMP00168,2018-03-29,2018-05-21,53
EMP00168,2018-09-07,2018-10-27,50
EMP00168,2020-01-19,2020-03-01,42
EMP00168,2021-03-18,2021-03-25,7
EMP00168,2022-02-20,2022-04-08,47
EMP00168,2024-12-14,2025-01-27,44
EMP00168,2026-03-13,2026-04-06,24
EMP00169,2024-08-03,2024-08-23,20
EMP00170,2024-09-16,2024-10-16,30
EMP00171,2022-01-25,2022-02-23,29
EMP00171,2023-03-13,2023-03-20,7
EMP00172,2011-04-18,2011-05-13,25
EMP00172,2011-08-24,2011-09-26,33
EMP00172,2012-04-14,2012-05-05,21
EMP00172,2013-08-20,2013-10-18,59
EMP00172,2014-07-12,2014-09-08,58
EMP00172,2020-10-12,2020-11-21,40
EMP00172,2021-09-05,2021-10-01,26
EMP00172,2023-05-04,2023-06-11,38
EMP00172,2025-04-21,2025-05-24,33
EMP00174,2024-08-30,2024-09-03,4
EMP00175,2025-04-02,2025-05-23,51
EMP00176,2020-06-09,2020-07-29,50
EMP00176,2021-05-02,2021-07-15,74
EMP00176,2022-08-24,2022-10-19,56
EMP00178,2016-02-29,2016-03-28,28
EMP00178,2017-08-05,2017-08-31,26
EMP00178,2017-12-16,2017-12-25,9
EMP00178,2021-11-05,2021-12-08,33
EMP00178,2023-03-11,2023-04-12,32
EMP00178,2025-12-31,2026-01-04,4
EMP00179,2021-05-19,2021-05-25,6
EMP00179,2021-09-26,2021-10-26,30
EMP00179,2023-02-08,2023-02-23,15
EMP00179,2023-12-13,2023-12-17,4
EMP00179,2026-04-24,2026-05-07,13
EMP00180,2019-10-17,2019-11-04,18
EMP00180,2021-01-16,2021-01-27,11
EMP00180,2024-02-16,2024-03-11,24
EMP00180,2025-08-21,2025-08-25,4
EMP00181,2022-09-16,2022-11-02,47
EMP00181,2024-03-04,2024-04-22,49
EMP00182,2022-07-25,2022-09-19,56
EMP00182,2022-11-27,2023-01-09,43
EMP00182,2023-11-26,2024-01-11,46
EMP00182,2024-06-02,2024-07-17,45
EMP00182,2025-01-09,2025-03-10,60
EMP00182,2025-06-15,2025-07-31,46
EMP00183,2025-04-11,2025-06-04,54
EMP00184,2024-10-03,2024-11-10,38
EMP00184,2025-06-27,2025-07-20,23
EMP00185,2025-07-19,2025-08-07,19
EMP00187,2025-12-14,2026-01-13,30
EMP00188,2025-04-15,2025-04-25,10
EMP00190,2023-12-08,2023-12-28,20
EMP00190,2024-04-07,2024-05-05,28
EMP00190,2025-01-17,2025-02-22,36
EMP00190,2025-10-21,2025-11-30,40
EMP00191,2017-12-11,2018-01-13,33
EMP00191,2019-03-31,2019-05-24,54
EMP00192,2020-03-27,2020-04-15,19
EMP00192,2021-07-26,2021-07-31,5
EMP00192,2022-10-14,2022-11-15,32
EMP00192,2025-01-03,2025-01-14,11
EMP00192,2025-08-16,2025-09-11,26
EMP00193,2018-12-18,2019-02-22,66
EMP00193,2020-05-17,2020-07-05,49
EMP00193,2021-10-19,2021-11-19,31
EMP00193,2023-05-03,2023-06-19,47
EMP00193,2024-03-16,2024-05-19,64
EMP00193,2024-11-29,2024-12-29,30
EMP00193,2025-06-22,2025-07-27,35
EMP00193,2025-10-29,2025-12-28,60
EMP00194,2024-11-14,2024-12-06,22
EMP00195,2019-08-05,2019-09-21,47
EMP00195,2021-01-12,2021-02-27,46
EMP00195,2021-09-24,2021-10-20,26
EMP00195,2022-02-07,2022-03-03,24
EMP00195,2023-08-28,2023-10-28,61
EMP00196,2022-11-30,2023-01-01,32
EMP00196,2025-01-25,2025-03-04,38
EMP00197,2017-07-19,2017-09-16,59
EMP00197,2017-11-23,2017-12-28,35
EMP00197,2018-06-19,2018-08-22,64
EMP00197,2018-11-24,2018-12-27,33
EMP00197,2019-04-13,2019-06-24,72
EMP00197,2020-01-25,2020-03-01,36
EMP00197,2022-09-18,2022-11-11,54
EMP00197,2025-04-01,2025-05-23,52
EMP00197,2025-09-12,2025-10-12,30
EMP00198,2025-02-06,2025-03-14,36
EMP00199,2026-02-24,2026-04-05,40
EMP00200,2020-07-26,2020-09-22,58
EMP00200,2021-06-11,2021-07-20,39
EMP00200,2022-03-26,2022-04-29,34
EMP00200,2022-12-02,2023-02-25,85
EMP00200,2023-09-13,2023-10-14,31
EMP00200,2025-01-11,2025-02-18,38
EMP00200,2025-04-24,2025-06-30,67
EMP00200,2026-02-25,2026-04-12,46
EMP00202,2022-02-03,2022-02-20,17
EMP00202,2023-05-23,2023-06-22,30
EMP00202,2026-06-01,2026-07-11,40
EMP00203,2017-01-05,2017-01-27,22
EMP00203,2017-06-02,2017-07-13,41
EMP00203,2017-09-13,2017-10-03,20
EMP00203,2020-05-30,2020-07-09,40
EMP00203,2022-11-27,2022-12-11,14
EMP00204,2018-10-21,2018-12-03,43
EMP00204,2021-11-10,2021-12-09,29
EMP00204,2023-10-18,2023-11-19,32
EMP00205,2026-01-26,2026-01-30,4
EMP00206,2020-06-14,2020-08-06,53
EMP00206,2021-09-14,2021-11-15,62
EMP00206,2022-06-05,2022-08-07,63
EMP00206,2023-03-04,2023-04-14,41
EMP00206,2024-02-25,2024-04-11,46
EMP00206,2024-07-20,2024-10-04,76
EMP00206,2025-10-18,2025-12-11,54
EMP00207,2024-05-26,2024-06-28,33
EMP00208,2020-12-31,2021-01-18,18
EMP00211,2020-02-10,2020-03-05,24
EMP00212,2017-08-13,2017-09-14,32
EMP00212,2020-04-03,2020-05-15,42
EMP00212,2023-04-01,2023-05-07,36
EMP00212,2024-07-01,2024-08-18,48
EMP00212,2025-06-17,2025-07-22,35
EMP00214,2022-10-06,2022-11-10,35
EMP00215,2023-02-07,2023-03-06,27
EMP00215,2023-05-14,2023-06-22,39
EMP00215,2024-03-16,2024-03-30,14
EMP00216,2020-12-26,2021-01-03,8
EMP00216,2023-09-22,2023-10-03,11
EMP00217,2022-09-14,2022-09-25,11
EMP00217,2023-04-13,2023-04-30,17
EMP00217,2025-08-03,2025-08-11,8
EMP00218,2025-03-01,2025-03-27,26
EMP00218,2026-01-30,2026-02-03,4
EMP00219,2019-08-14,2019-09-25,42
EMP00219,2020-06-27,2020-08-18,52
EMP00219,2020-11-16,2021-01-06,51
EMP00219,2022-04-27,2022-06-27,61
EMP00219,2025-07-24,2025-08-18,25
EMP00221,2021-05-25,2021-06-03,9
EMP00221,2022-01-01,2022-02-03,33
EMP00221,2023-03-09,2023-04-09,31
EMP00221,2024-03-17,2024-03-26,9
EMP00222,2025-12-08,2025-12-31,23
EMP00222,2026-06-17,2026-07-18,31
EMP00224,2021-05-28,2021-07-07,40
EMP00224,2022-07-11,2022-08-23,43
EMP00224,2023-05-11,2023-06-26,46
EMP00225,2011-09-24,2011-11-04,41
EMP00225,2013-05-15,2013-07-11,57
EMP00225,2014-12-13,2015-01-24,42
EMP00225,2015-07-11,2015-08-28,48
EMP00225,2016-01-28,2016-02-21,24
EMP00225,2018-06-14,2018-07-29,45
EMP00225,2018-10-31,2018-11-19,19
EMP00225,2020-08-09,2020-09-27,49
EMP00225,2022-03-23,2022-04-10,18
EMP00226,2015-11-24,2015-11-29,5
EMP00226,2018-04-10,2018-04-20,10
EMP00226,2018-10-30,2018-11-03,4
EMP00227,2019-03-25,2019-06-04,71
EMP00227,2019-10-10,2019-12-04,55
EMP00227,2020-05-19,2020-07-22,64
EMP00227,2023-07-14,2023-09-08,56
EMP00227,2024-10-02,2024-11-15,44
EMP00227,2025-10-23,2025-12-21,59
EMP00228,2021-01-06,2021-03-03,56
EMP00228,2022-06-27,2022-07-30,33
EMP00228,2024-06-05,2024-08-12,68
EMP00228,2026-03-19,2026-04-24,36
EMP00229,2025-04-11,2025-05-17,36
EMP00229,2025-08-14,2025-08-20,6
EMP00230,2017-05-25,2017-06-01,7
EMP00230,2017-09-10,2017-10-05,25
EMP00230,2021-03-12,2021-03-25,13
EMP00231,2022-12-31,2023-01-04,4
EMP00232,2024-12-27,2025-01-13,17
EMP00234,2019-03-10,2019-03-30,20
EMP00234,2020-12-03,2021-01-17,45
EMP00234,2022-07-15,2022-08-05,21
EMP00234,2023-10-12,2023-12-12,61
EMP00234,2024-04-02,2024-05-23,51
EMP00234,2024-10-02,2024-12-18,77
EMP00234,2025-10-19,2025-11-30,42
EMP00236,2020-05-24,2020-06-20,27
EMP00238,2024-06-24,2024-07-13,19
EMP00238,2025-09-03,2025-10-04,31
EMP00239,2018-03-25,2018-04-24,30
EMP00239,2019-07-15,2019-08-21,37
EMP00239,2021-08-31,2021-10-11,41
EMP00239,2022-11-30,2023-01-02,33
EMP00239,2024-01-16,2024-02-23,38
EMP00239,2025-03-09,2025-04-27,49
EMP00240,2019-01-24,2019-02-08,15
EMP00240,2019-06-23,2019-07-13,20
EMP00240,2022-05-19,2022-06-09,21
EMP00240,2025-06-12,2025-06-27,15
EMP00241,2022-01-05,2022-02-06,32
EMP00241,2022-10-15,2022-11-08,24
EMP00241,2025-04-07,2025-05-03,26
EMP00242,2019-08-09,2019-09-20,42
EMP00242,2020-05-05,2020-05-26,21
EMP00242,2021-06-03,2021-07-21,48
EMP00242,2023-08-07,2023-09-16,40
EMP00242,2025-02-17,2025-03-30,41
EMP00242,2026-02-15,2026-03-30,43
EMP00244,2025-12-13,2025-12-17,4
EMP00245,2017-07-11,2017-08-10,30
EMP00245,2017-12-28,2018-01-22,25
EMP00245,2020-02-02,2020-03-07,34
EMP00245,2020-10-02,2020-10-10,8
EMP00245,2021-10-03,2021-10-16,13
EMP00245,2023-11-09,2023-12-15,36
EMP00246,2021-04-18,2021-06-09,52
EMP00246,2024-03-08,2024-04-21,44
EMP00246,2025-08-01,2025-09-12,42
EMP00247,2022-11-13,2022-11-26,13
EMP00247,2023-10-02,2023-11-06,35
EMP00249,2021-01-06,2021-02-09,34
EMP00249,2021-08-28,2021-10-13,46
EMP00249,2024-03-05,2024-04-21,47
EMP00249,2025-01-26,2025-02-25,30
EMP00249,2026-02-14,2026-03-28,42
EMP00250,2014-05-08,2014-05-31,23
EMP00250,2015-02-27,2015-03-14,15
EMP00250,2016-04-01,2016-05-18,47
EMP00250,2017-06-14,2017-07-06,22
EMP00250,2018-06-21,2018-07-12,21
EMP00250,2018-10-29,2018-11-20,22
EMP00250,2019-01-19,2019-02-18,30
EMP00250,2019-09-27,2019-11-15,49
EMP00250,2026-02-05,2026-02-17,12
EMP00251,2025-05-14,2025-06-22,39
EMP00253,2026-03-19,2026-05-04,46
EMP00254,2017-01-01,2017-03-12,70
EMP00254,2017-12-06,2018-01-31,56
EMP00254,2019-04-09,2019-06-06,58
EMP00254,2019-08-15,2019-10-01,47
EMP00254,2021-12-18,2022-02-01,45
EMP00254,2023-05-20,2023-07-02,43
EMP00254,2024-07-15,2024-09-17,64
EMP00254,2025-03-13,2025-05-07,55
EMP00254,2025-08-29,2025-10-23,55
EMP00254,2026-04-25,2026-07-06,72
EMP00255,2024-07-14,2024-09-09,57
EMP00255,2025-05-12,2025-07-03,52
EMP00256,2020-09-06,2020-10-20,44
EMP00256,2022-02-20,2022-04-09,48
EMP00256,2023-06-20,2023-07-29,39
EMP00256,2023-10-09,2023-11-17,39
EMP00256,2025-03-18,2025-05-01,44
EMP00257,2018-08-23,2018-09-14,22
EMP00257,2022-08-29,2022-10-02,34
EMP00257,2023-11-10,2023-11-24,14
EMP00258,2024-12-24,2025-02-10,48
EMP00259,2025-05-28,2025-07-17,50
EMP00259,2025-10-20,2025-12-05,46
EMP00259,2026-04-13,2026-06-14,62
EMP00260,2024-08-21,2024-08-26,5
EMP00260,2026-01-09,2026-01-20,11
EMP00261,2021-03-04,2021-04-28,55
EMP00261,2023-02-11,2023-04-04,52
EMP00261,2023-12-11,2024-01-16,36
EMP00261,2024-04-05,2024-05-11,36
EMP00261,2024-09-04,2024-11-09,66
EMP00261,2025-10-15,2025-12-07,53
EMP00261,2026-05-11,2026-06-22,42
EMP00263,2022-09-07,2022-09-11,4
EMP00263,2025-06-22,2025-07-13,21
EMP00263,2025-11-15,2025-12-22,37
EMP00264,2024-03-03,2024-03-27,24
EMP00264,2024-09-26,2024-11-02,37
EMP00264,2025-05-30,2025-07-13,44
EMP00265,2017-10-18,2017-11-13,26
EMP00265,2024-10-03,2024-10-24,21
EMP00266,2020-07-17,2020-08-22,36
EMP00266,2021-07-19,2021-08-30,42
EMP00266,2024-02-08,2024-03-19,40
EMP00266,2025-08-06,2025-09-27,52
EMP00267,2019-02-19,2019-03-31,40
EMP00267,2022-12-23,2023-02-05,44
EMP00267,2023-06-24,2023-08-11,48
EMP00267,2026-06-09,2026-07-11,32
EMP00268,2018-06-12,2018-08-03,52
EMP00268,2019-07-10,2019-09-01,53
EMP00268,2020-01-31,2020-03-28,57
EMP00268,2020-06-04,2020-07-22,48
EMP00268,2024-03-07,2024-04-19,43
EMP00268,2024-08-01,2024-10-02,62
EMP00268,2025-07-05,2025-08-26,52
EMP00268,2026-01-01,2026-02-03,33
EMP00269,2020-05-24,2020-06-19,26
EMP00269,2024-01-01,2024-01-05,4
EMP00270,2020-09-14,2020-10-14,30
EMP00270,2022-01-08,2022-02-06,29
EMP00270,2023-06-28,2023-07-19,21
EMP00271,2019-02-05,2019-02-15,10
EMP00271,2022-10-26,2022-10-30,4
EMP00272,2025-11-18,2026-01-23,66
EMP00273,2025-09-28,2025-11-03,36
EMP00274,2019-01-14,2019-02-10,27
EMP00274,2020-03-05,2020-03-11,6
EMP00274,2020-12-11,2020-12-25,14
EMP00274,2022-11-21,2022-11-25,4
EMP00274,2023-06-10,2023-07-13,33
EMP00275,2025-02-13,2025-03-07,22
EMP00276,2018-02-04,2018-02-08,4
EMP00276,2025-09-12,2025-09-16,4
EMP00276,2026-05-10,2026-05-14,4
EMP00277,2020-09-16,2020-10-31,45
EMP00277,2021-03-21,2021-05-22,62
EMP00277,2022-06-11,2022-07-12,31
EMP00277,2023-02-21,2023-04-06,44
EMP00278,2021-10-06,2021-11-16,41
EMP00278,2022-07-09,2022-08-17,39
EMP00278,2025-01-29,2025-02-26,28
EMP00279,2025-11-12,2025-12-08,26
EMP00280,2019-03-03,2019-04-19,47
EMP00280,2020-01-04,2020-02-18,45
EMP00280,2021-02-15,2021-04-03,47
EMP00280,2021-08-13,2021-10-30,78
EMP00280,2023-12-30,2024-03-02,63
EMP00280,2024-10-21,2024-12-04,44
EMP00280,2025-02-28,2025-04-26,57
EMP00280,2025-11-28,2026-02-08,72
EMP00281,2018-11-20,2018-11-24,4
EMP00281,2021-07-28,2021-08-17,20
EMP00282,2012-04-03,2012-05-05,32
EMP00282,2017-12-10,2017-12-23,13
EMP00282,2019-08-17,2019-09-25,39
EMP00284,2025-06-12,2025-06-18,6
EMP00285,2017-04-21,2017-05-09,18
EMP00285,2018-04-23,2018-06-02,40
EMP00285,2019-05-25,2019-06-04,10
EMP00285,2020-06-18,2020-07-07,19
EMP00286,2025-02-12,2025-03-05,21
EMP00287,2025-01-02,2025-02-02,31
EMP00288,2011-07-12,2011-08-19,38
EMP00288,2011-11-02,2011-12-18,46
EMP00288,2012-10-22,2012-12-21,60
EMP00288,2013-07-14,2013-08-20,37
EMP00288,2013-11-21,2014-01-03,43
EMP00288,2015-10-05,2015-11-18,44
EMP00288,2018-03-20,2018-05-07,48
EMP00288,2019-07-25,2019-09-08,45
EMP00288,2021-01-10,2021-03-01,50
EMP00288,2022-03-29,2022-05-07,39
EMP00288,2022-12-23,2023-01-23,31
EMP00288,2023-10-12,2023-11-16,35
EMP00288,2024-07-03,2024-08-22,50
EMP00289,2019-06-18,2019-07-14,26
EMP00289,2024-05-23,2024-06-21,29
EMP00290,2018-07-29,2018-08-30,32
EMP00290,2019-10-04,2019-11-10,37
EMP00290,2020-05-19,2020-06-09,21
EMP00290,2023-03-23,2023-04-27,35
EMP00290,2025-02-23,2025-04-01,37
EMP00291,2021-07-23,2021-08-23,31
EMP00293,2023-08-24,2023-09-13,20
EMP00293,2024-02-25,2024-03-22,26
EMP00293,2024-12-01,2025-01-07,37
EMP00293,2025-11-19,2025-12-23,34
EMP00295,2019-05-05,2019-06-08,34
EMP00295,2019-10-01,2019-11-24,54
EMP00295,2020-03-30,2020-05-01,32
EMP00295,2021-06-28,2021-08-13,46
EMP00295,2023-09-17,2023-10-31,44
EMP00295,2024-02-27,2024-04-27,60
EMP00295,2024-12-20,2025-02-19,61
EMP00296,2025-12-02,2026-01-06,35
EMP00297,2019-03-17,2019-04-16,30
EMP00297,2021-04-09,2021-05-07,28
EMP00297,2022-06-16,2022-07-26,40
EMP00297,2023-03-16,2023-04-12,27
EMP00297,2026-03-11,2026-04-14,34
EMP00298,2025-12-19,2026-01-15,27
EMP00300,2011-07-17,2011-08-13,27
EMP00300,2015-05-01,2015-06-27,57
EMP00300,2016-02-21,2016-04-15,54
EMP00300,2023-05-09,2023-06-27,49
EMP00300,2024-09-08,2024-10-22,44
EMP00300,2025-05-08,2025-06-28,51
EMP00301,2019-10-06,2019-10-24,18
EMP00301,2020-11-06,2020-11-24,18
EMP00301,2021-02-02,2021-02-07,5
EMP00301,2022-04-02,2022-04-15,13
EMP00301,2022-06-28,2022-08-04,37
EMP00301,2022-10-28,2022-11-28,31
EMP00301,2025-06-28,2025-07-17,19
EMP00301,2025-10-10,2025-11-07,28
EMP00301,2026-03-24,2026-04-12,19
EMP00302,2023-10-10,2023-10-31,21
EMP00302,2024-12-08,2024-12-12,4
EMP00302,2026-01-08,2026-01-29,21
EMP00304,2020-05-04,2020-06-07,34
EMP00304,2021-08-29,2021-10-09,41
EMP00304,2023-02-28,2023-04-20,51
EMP00304,2023-11-07,2023-12-14,37
EMP00304,2025-06-30,2025-08-20,51
EMP00305,2017-07-26,2017-10-07,73
EMP00305,2017-12-13,2018-02-19,68
EMP00305,2019-07-07,2019-09-19,74
EMP00305,2020-03-14,2020-04-28,45
EMP00305,2022-01-16,2022-03-15,58
EMP00305,2022-12-12,2023-02-16,66
EMP00305,2023-07-03,2023-09-10,69
EMP00305,2025-02-27,2025-05-03,65
EMP00305,2026-05-31,2026-07-21,51
EMP00308,2021-09-07,2021-10-06,29
EMP00308,2025-10-06,2025-11-01,26
EMP00309,2023-07-18,2023-08-06,19
EMP00309,2024-03-09,2024-03-24,15
EMP00309,2024-08-26,2024-09-17,22
EMP00310,2020-03-29,2020-04-05,7
EMP00311,2025-12-03,2026-01-13,41
EMP00312,2026-02-06,2026-03-08,30
EMP00313,2021-12-16,2022-02-02,48
EMP00313,2022-10-19,2022-11-22,34
EMP00313,2023-07-21,2023-08-09,19
EMP00313,2026-01-26,2026-02-08,13
EMP00314,2019-11-10,2019-12-06,26
EMP00314,2022-12-20,2022-12-24,4
EMP00314,2024-03-29,2024-04-29,31
EMP00314,2026-01-03,2026-02-08,36
EMP00315,2025-03-16,2025-03-20,4
EMP00316,2022-06-16,2022-06-20,4
EMP00316,2025-03-31,2025-04-08,8
EMP00317,2024-09-02,2024-10-14,42
EMP00317,2025-01-07,2025-02-07,31
EMP00317,2025-08-17,2025-10-09,53
EMP00318,2022-02-26,2022-03-10,12
EMP00318,2022-08-26,2022-08-30,4
EMP00318,2024-09-17,2024-10-03,16
EMP00319,2024-12-22,2025-01-24,33
EMP00319,2025-12-01,2025-12-29,28
EMP00320,2023-07-23,2023-09-10,49
EMP00320,2024-05-20,2024-06-21,32
EMP00320,2025-04-18,2025-06-08,51
EMP00321,2021-03-01,2021-04-05,35
EMP00321,2021-06-19,2021-07-15,26
EMP00321,2024-08-22,2024-09-22,31
EMP00321,2025-11-01,2025-11-19,18
EMP00322,2022-02-21,2022-03-04,11
EMP00323,2026-03-27,2026-05-31,65
EMP00324,2023-03-05,2023-03-26,21
EMP00325,2022-04-01,2022-04-19,18
EMP00327,2024-09-04,2024-10-11,37
EMP00327,2025-06-14,2025-07-15,31
EMP00327,2026-03-03,2026-03-28,25
EMP00328,2023-02-03,2023-03-19,44
EMP00328,2023-06-10,2023-08-06,57
EMP00328,2024-08-11,2024-10-02,52
EMP00328,2025-10-15,2025-12-05,51
EMP00329,2012-07-19,2012-08-24,36
EMP00329,2016-08-10,2016-09-24,45
EMP00329,2017-03-30,2017-05-21,52
EMP00329,2018-03-26,2018-05-23,58
EMP00329,2021-06-15,2021-07-24,39
EMP00329,2024-02-12,2024-03-16,33
EMP00329,2024-11-17,2025-01-11,55
EMP00330,2026-03-02,2026-03-06,4
EMP00331,2021-11-07,2021-12-14,37
EMP00331,2022-08-31,2022-09-18,18
EMP00331,2025-07-04,2025-08-13,40
EMP00332,2024-09-01,2024-11-03,63
EMP00332,2026-05-06,2026-06-04,29
EMP00333,2020-06-28,2020-07-23,25
EMP00333,2020-12-27,2021-01-10,14
EMP00333,2024-06-12,2024-06-20,8
EMP00334,2020-10-06,2020-11-16,41
EMP00334,2021-03-23,2021-05-18,56
EMP00334,2022-03-20,2022-05-03,44
EMP00334,2022-09-12,2022-10-16,34
EMP00334,2024-02-14,2024-02-23,9
EMP00334,2024-08-01,2024-09-06,36
EMP00334,2025-10-13,2025-11-01,19
EMP00334,2026-05-18,2026-06-28,41
EMP00335,2022-09-05,2022-09-30,25
EMP00335,2025-02-24,2025-05-01,66
EMP00336,2023-02-13,2023-03-29,44
EMP00337,2019-10-09,2019-11-19,41
EMP00337,2020-02-21,2020-05-01,70
EMP00337,2020-07-09,2020-08-29,51
EMP00337,2022-07-22,2022-09-17,57
EMP00337,2023-09-20,2023-11-05,46
EMP00337,2024-06-14,2024-08-07,54
EMP00337,2024-12-22,2025-02-07,47
EMP00337,2025-10-31,2025-11-29,29
EMP00338,2021-05-31,2021-07-23,53
EMP00338,2024-04-28,2024-05-28,30
EMP00338,2024-08-24,2024-09-21,28
EMP00338,2025-06-11,2025-07-27,46
EMP00339,2021-09-03,2021-10-30,57
EMP00339,2024-11-30,2025-01-03,34
EMP00339,2025-03-29,2025-05-06,38
EMP00339,2025-08-15,2025-09-12,28
EMP00341,2018-10-30,2018-11-22,23
EMP00341,2019-05-06,2019-06-04,29
EMP00341,2019-08-31,2019-11-06,67
EMP00341,2022-02-02,2022-03-27,53
EMP00341,2024-04-14,2024-06-07,54
EMP00341,2025-08-09,2025-09-03,25
EMP00341,2026-01-03,2026-01-31,28
EMP00342,2025-06-04,2025-06-25,21
EMP00343,2026-03-15,2026-03-19,4
EMP00344,2024-09-02,2024-10-17,45
EMP00344,2025-09-22,2025-10-19,27
EMP00344,2026-04-08,2026-05-03,25
EMP00345,2025-07-31,2025-10-12,73
EMP00347,2014-06-21,2014-06-25,4
EMP00347,2020-09-02,2020-09-09,7
EMP00347,2021-11-23,2021-12-14,21
EMP00347,2025-05-24,2025-05-28,4
EMP00348,2020-07-29,2020-09-28,61
EMP00348,2021-01-30,2021-03-17,46
EMP00348,2021-08-19,2021-10-03,45
EMP00348,2021-12-13,2022-02-10,59
EMP00348,2022-06-09,2022-07-24,45
EMP00349,2023-01-04,2023-02-22,49
EMP00349,2023-07-15,2023-09-10,57
EMP00349,2024-04-18,2024-06-05,48
EMP00349,2024-12-24,2025-02-23,61
EMP00349,2026-01-06,2026-02-08,33
EMP00350,2017-03-21,2017-04-18,28
EMP00350,2019-01-15,2019-02-02,18
EMP00350,2021-03-24,2021-04-18,25
EMP00350,2022-09-03,2022-10-06,33
EMP00350,2023-02-25,2023-03-09,12
EMP00350,2024-11-02,2024-11-24,22
EMP00352,2020-11-29,2021-01-03,35
EMP00352,2021-07-17,2021-08-14,28
EMP00352,2023-12-28,2024-02-06,40
EMP00353,2024-12-13,2025-01-23,41
EMP00353,2025-12-27,2026-01-24,28
EMP00354,2020-04-25,2020-05-06,11
EMP00354,2023-09-10,2023-09-21,11
EMP00354,2024-05-13,2024-06-01,19
EMP00354,2026-03-01,2026-03-31,30
EMP00355,2020-12-06,2020-12-10,4
EMP00356,2018-07-03,2018-07-16,13
EMP00356,2019-10-03,2019-10-15,12
EMP00356,2020-07-21,2020-08-06,16
EMP00357,2025-02-19,2025-03-20,29
EMP00357,2026-05-09,2026-06-21,43
EMP00358,2020-09-23,2020-11-13,51
EMP00358,2021-07-01,2021-08-05,35
EMP00358,2022-08-28,2022-10-25,58
EMP00358,2025-04-14,2025-06-30,77
EMP00358,2026-04-24,2026-05-26,32
EMP00359,2020-09-07,2020-10-23,46
EMP00359,2021-03-21,2021-04-23,33
EMP00359,2022-05-19,2022-06-20,32
EMP00359,2023-09-20,2023-10-13,23
EMP00360,2023-10-29,2023-11-27,29
EMP00361,2024-04-10,2024-05-15,35
EMP00361,2024-11-23,2025-01-08,46
EMP00361,2025-10-20,2025-11-18,29
EMP00362,2026-01-13,2026-01-30,17
EMP00363,2018-05-29,2018-07-27,59
EMP00363,2018-12-28,2019-02-08,42
EMP00363,2019-07-06,2019-08-15,40
EMP00363,2021-07-07,2021-08-22,46
EMP00363,2021-12-07,2022-01-24,48
EMP00363,2022-08-23,2022-09-30,38
EMP00363,2023-01-09,2023-02-20,42
EMP00363,2024-03-31,2024-06-07,68
EMP00363,2025-01-23,2025-03-19,55
EMP00364,2024-09-02,2024-10-08,36
EMP00366,2024-06-01,2024-08-18,78
EMP00366,2026-02-13,2026-03-29,44
EMP00367,2020-02-05,2020-03-01,25
EMP00367,2020-09-19,2020-10-06,17
EMP00367,2024-06-28,2024-07-02,4
EMP00367,2025-10-27,2025-10-31,4
EMP00369,2018-08-29,2018-10-18,50
EMP00369,2019-01-15,2019-02-27,43
EMP00369,2021-11-08,2022-01-01,54
EMP00369,2022-08-18,2022-10-19,62
EMP00369,2023-02-08,2023-03-06,26
EMP00370,2018-01-25,2018-03-06,40
EMP00370,2019-01-08,2019-02-28,51
EMP00370,2019-10-01,2019-11-19,49
EMP00370,2021-07-05,2021-08-19,45
EMP00370,2022-10-15,2022-12-10,56
EMP00370,2023-08-27,2023-10-23,57
EMP00370,2026-06-02,2026-07-08,36
EMP00371,2015-07-30,2015-08-31,32
EMP00371,2020-07-12,2020-07-18,6
EMP00371,2021-02-05,2021-03-08,31
EMP00372,2021-12-24,2022-01-13,20
EMP00372,2022-05-05,2022-05-28,23
EMP00372,2024-05-10,2024-05-19,9
EMP00373,2023-08-07,2023-08-23,16
EMP00375,2019-11-13,2019-11-17,4
EMP00375,2020-09-18,2020-10-14,26
EMP00375,2021-10-31,2021-12-10,40
EMP00375,2025-06-13,2025-07-22,39
EMP00375,2026-04-02,2026-04-30,28
EMP00376,2021-03-18,2021-04-15,28
EMP00376,2023-06-21,2023-08-06,46
EMP00376,2025-06-29,2025-08-16,48
EMP00377,2024-12-14,2025-01-31,48
EMP00378,2022-03-10,2022-05-02,53
EMP00378,2024-12-07,2025-02-08,63
EMP00378,2025-09-04,2025-11-16,73
EMP00379,2013-04-04,2013-05-12,38
EMP00379,2014-07-25,2014-09-02,39
EMP00379,2015-10-02,2015-12-02,61
EMP00379,2016-07-14,2016-08-13,30
EMP00379,2017-01-03,2017-02-16,44
EMP00379,2017-07-08,2017-09-11,65
EMP00379,2019-08-21,2019-09-11,21
EMP00379,2020-05-19,2020-07-09,51
EMP00379,2020-09-27,2020-11-16,50
EMP00379,2022-09-10,2022-10-23,43
EMP00379,2023-12-19,2024-01-18,30
EMP00379,2025-01-13,2025-02-21,39
EMP00379,2025-09-07,2025-11-26,80
EMP00381,2025-03-28,2025-04-23,26
EMP00382,2011-06-16,2011-08-13,58
EMP00382,2012-02-07,2012-03-28,50
EMP00382,2012-11-05,2012-12-24,49
EMP00382,2018-04-25,2018-06-05,41
EMP00382,2019-03-29,2019-05-28,60
EMP00382,2019-10-14,2019-11-17,34
EMP00382,2020-08-08,2020-09-23,46
EMP00382,2022-03-25,2022-05-21,57
EMP00382,2024-12-25,2025-02-16,53
EMP00382,2025-07-31,2025-09-19,50
EMP00383,2025-01-13,2025-02-13,31
EMP00384,2019-07-30,2019-08-22,23
EMP00384,2022-05-31,2022-06-21,21
EMP00384,2023-03-01,2023-03-22,21
EMP00384,2024-05-18,2024-06-17,30
EMP00384,2026-04-14,2026-05-06,22
EMP00385,2020-08-10,2020-10-10,61
EMP00385,2021-06-29,2021-08-22,54
EMP00385,2022-06-18,2022-08-13,56
EMP00385,2022-12-24,2023-02-25,63
EMP00385,2023-06-25,2023-08-12,48
EMP00385,2024-08-21,2024-10-17,57
EMP00385,2025-08-30,2025-10-26,57
EMP00385,2026-05-24,2026-07-08,45
EMP00387,2020-08-07,2020-08-11,4
EMP00388,2016-09-14,2016-11-06,53
EMP00388,2017-04-23,2017-06-14,52
EMP00388,2018-03-01,2018-04-25,55
EMP00388,2018-08-16,2018-10-03,48
EMP00388,2020-07-11,2020-08-09,29
EMP00388,2022-04-14,2022-06-10,57
EMP00388,2023-01-07,2023-03-03,55
EMP00388,2024-01-09,2024-02-22,44
EMP00388,2024-07-09,2024-08-21,43
EMP00388,2025-02-17,2025-03-24,35
EMP00388,2025-09-20,2025-10-16,26
EMP00389,2023-09-13,2023-09-17,4
EMP00389,2026-01-12,2026-01-16,4
EMP00390,2026-04-26,2026-05-13,17
EMP00392,2024-09-29,2024-11-20,52
EMP00392,2026-05-04,2026-06-17,44
EMP00393,2021-04-13,2021-05-06,23
EMP00393,2022-02-10,2022-03-06,24
EMP00393,2022-06-01,2022-06-24,23
EMP00395,2021-10-15,2021-11-25,41
EMP00395,2022-09-25,2022-10-13,18
EMP00395,2024-05-24,2024-06-14,21
EMP00395,2026-03-18,2026-03-28,10
EMP00396,2022-05-30,2022-07-11,42
EMP00396,2023-10-15,2023-12-07,53
EMP00396,2026-06-12,2026-08-11,60
EMP00397,2024-12-28,2025-02-06,40
EMP00397,2025-06-10,2025-07-08,28
EMP00398,2018-01-14,2018-01-29,15
EMP00399,2025-11-23,2025-12-13,20
EMP00399,2026-05-19,2026-06-15,27
EMP00401,2019-11-03,2019-12-21,48
EMP00401,2020-05-11,2020-06-15,35
EMP00401,2021-01-25,2021-04-02,67
EMP00401,2023-09-27,2023-12-04,68
EMP00401,2024-11-01,2024-12-20,49
EMP00401,2025-04-03,2025-05-20,47
EMP00401,2025-12-18,2026-01-27,40
EMP00402,2023-04-22,2023-05-29,37
EMP00402,2024-06-26,2024-08-23,58
EMP00402,2025-05-15,2025-06-17,33
EMP00403,2022-12-29,2023-01-03,5
EMP00403,2025-06-23,2025-07-12,19
EMP00404,2025-10-09,2025-10-24,15
EMP00405,2021-07-28,2021-08-14,17
EMP00405,2021-12-02,2021-12-19,17
EMP00405,2022-12-30,2023-02-17,49
EMP00405,2023-05-18,2023-06-17,30
EMP00405,2023-08-18,2023-09-13,26
EMP00405,2025-12-17,2026-01-30,44
EMP00406,2022-09-01,2022-10-26,55
EMP00406,2023-04-15,2023-06-14,60
EMP00406,2023-11-08,2023-12-23,45
EMP00406,2024-03-15,2024-05-03,49
EMP00406,2025-11-13,2025-12-18,35
EMP00406,2026-06-06,2026-08-13,68
EMP00407,2020-12-19,2020-12-28,9
EMP00407,2025-06-24,2025-07-20,26
EMP00408,2026-01-12,2026-02-20,39
EMP00409,2022-11-21,2022-12-23,32
EMP00409,2023-12-27,2024-01-09,13
EMP00410,2025-01-23,2025-02-28,36
EMP00411,2022-07-16,2022-09-14,60
EMP00411,2024-06-29,2024-09-09,72
EMP00411,2026-01-10,2026-02-06,27
EMP00412,2020-11-29,2021-01-04,36
EMP00412,2024-03-14,2024-03-31,17
EMP00412,2025-01-09,2025-02-08,30
EMP00412,2025-10-08,2025-10-26,18
EMP00413,2024-05-26,2024-06-17,22
EMP00414,2024-02-03,2024-02-29,26
EMP00415,2014-08-07,2014-09-06,30
EMP00415,2015-09-19,2015-11-08,50
EMP00415,2017-02-18,2017-03-19,29
EMP00415,2017-07-06,2017-08-06,31
EMP00415,2018-01-11,2018-02-17,37
EMP00415,2018-06-20,2018-07-14,24
EMP00415,2019-04-24,2019-06-10,47
EMP00415,2019-12-16,2020-01-25,40
EMP00415,2020-08-23,2020-09-12,20
EMP00415,2022-09-05,2022-10-28,53
EMP00415,2023-02-23,2023-03-28,33
EMP00415,2024-02-21,2024-03-27,35
EMP00416,2023-10-11,2023-11-19,39
EMP00416,2024-04-09,2024-06-04,56
EMP00416,2025-09-04,2025-10-16,42
EMP00418,2025-06-22,2025-07-17,25
EMP00420,2020-04-10,2020-05-27,47
EMP00420,2021-01-28,2021-03-03,34
EMP00420,2022-01-03,2022-02-15,43
EMP00420,2022-08-27,2022-10-23,57
EMP00420,2025-02-26,2025-03-30,32
EMP00421,2018-12-21,2019-01-19,29
EMP00421,2020-04-23,2020-04-27,4
EMP00421,2021-01-24,2021-02-18,25
EMP00421,2021-12-25,2022-01-29,35
EMP00421,2023-10-06,2023-11-14,39
EMP00421,2024-05-12,2024-05-26,14
EMP00421,2025-12-15,2026-01-03,19
EMP00421,2026-06-14,2026-07-02,18
EMP00422,2014-04-29,2014-06-21,53
EMP00422,2015-07-06,2015-08-19,44
EMP00422,2020-12-02,2021-01-10,39
EMP00422,2021-05-21,2021-07-07,47
EMP00422,2022-09-25,2022-11-07,43
EMP00422,2023-10-26,2023-12-04,39
EMP00422,2024-03-25,2024-04-25,31
EMP00422,2025-01-09,2025-02-02,24
EMP00422,2025-08-20,2025-09-23,34
EMP00423,2018-04-08,2018-05-08,30
EMP00423,2019-03-18,2019-04-10,23
EMP00423,2020-05-10,2020-05-30,20
EMP00423,2021-07-02,2021-07-31,29
EMP00423,2023-01-23,2023-02-15,23
EMP00423,2025-05-25,2025-06-16,22
EMP00423,2025-09-24,2025-09-28,4
EMP00425,2025-05-01,2025-05-05,4
EMP00426,2019-02-11,2019-03-14,31
EMP00426,2020-09-27,2020-11-19,53
EMP00426,2021-06-30,2021-08-14,45
EMP00426,2023-08-07,2023-09-21,45
EMP00426,2024-05-24,2024-07-16,53
EMP00426,2025-11-03,2025-12-14,41
EMP00427,2018-02-11,2018-02-26,15
EMP00427,2018-12-04,2019-01-31,58
EMP00427,2019-10-25,2019-12-21,57
EMP00427,2020-12-05,2021-01-01,27
EMP00427,2021-09-02,2021-10-23,51
EMP00427,2022-03-12,2022-05-15,64
EMP00427,2024-04-23,2024-06-24,62
EMP00427,2025-04-21,2025-06-03,43
EMP00429,2024-03-31,2024-06-06,67
EMP00429,2025-05-03,2025-07-03,61
EMP00431,2022-02-27,2022-04-28,60
EMP00431,2023-12-01,2024-01-09,39
EMP00431,2025-07-21,2025-08-28,38
EMP00432,2026-02-11,2026-04-03,51
EMP00433,2026-02-23,2026-02-27,4
EMP00434,2024-06-16,2024-07-13,27
EMP00434,2025-10-17,2025-12-17,61
EMP00435,2020-04-24,2020-06-12,49
EMP00435,2020-09-28,2020-10-26,28
EMP00435,2021-07-04,2021-07-30,26
EMP00435,2022-09-27,2022-11-18,52
EMP00435,2023-07-21,2023-09-26,67
EMP00435,2025-01-21,2025-03-26,64
EMP00436,2020-03-23,2020-03-27,4
EMP00436,2021-09-26,2021-10-13,17
EMP00437,2020-09-08,2020-09-22,14
EMP00437,2021-05-15,2021-05-19,4
EMP00437,2023-06-04,2023-06-08,4
EMP00439,2020-12-13,2021-02-13,62
EMP00439,2022-12-04,2023-02-03,61
EMP00439,2024-03-13,2024-04-29,47
EMP00439,2025-09-23,2025-10-28,35
EMP00439,2026-03-18,2026-06-02,76
EMP00440,2023-08-23,2023-09-03,11
EMP00441,2026-01-05,2026-02-09,35
EMP00442,2021-01-04,2021-02-06,33
EMP00442,2022-01-08,2022-02-12,35
EMP00442,2024-01-15,2024-02-17,33
EMP00443,2025-08-05,2025-09-02,28
EMP00443,2026-04-10,2026-04-27,17
EMP00444,2014-08-12,2014-08-24,12
EMP00445,2024-12-15,2025-01-27,43
EMP00446,2018-08-13,2018-10-06,54
EMP00446,2020-06-16,2020-08-04,49
EMP00446,2021-11-27,2022-01-17,51
EMP00446,2022-12-21,2023-01-19,29
EMP00446,2023-10-21,2023-11-30,40
EMP00446,2024-05-03,2024-06-06,34
EMP00447,2020-12-16,2021-02-14,60
EMP00447,2023-06-26,2023-08-08,43
EMP00447,2024-04-12,2024-05-26,44
EMP00448,2022-11-23,2022-12-19,26
EMP00448,2023-05-22,2023-07-01,40
EMP00448,2025-08-28,2025-10-16,49
EMP00448,2026-05-04,2026-06-01,28
EMP00449,2024-08-20,2024-10-08,49
EMP00449,2025-02-19,2025-04-11,51
EMP00449,2025-08-19,2025-10-09,51
EMP00450,2022-07-20,2022-08-22,33
EMP00450,2026-05-01,2026-06-05,35
EMP00451,2014-12-14,2014-12-18,4
EMP00451,2016-04-24,2016-05-02,8
EMP00451,2021-09-10,2021-10-08,28
EMP00451,2025-04-07,2025-04-26,19
EMP00451,2026-06-14,2026-06-22,8
EMP00452,2026-01-24,2026-02-24,31
EMP00453,2019-11-18,2019-11-23,5
EMP00453,2020-01-29,2020-02-13,15
EMP00453,2021-10-23,2021-11-08,16
EMP00453,2022-02-27,2022-03-08,9
EMP00453,2022-10-16,2022-10-23,7
EMP00453,2024-07-17,2024-07-22,5
EMP00453,2025-07-12,2025-07-29,17
EMP00454,2021-03-30,2021-05-13,44
EMP00454,2023-11-15,2023-12-07,22
EMP00454,2024-04-17,2024-06-03,47
EMP00454,2025-07-04,2025-08-29,56
EMP00454,2026-05-12,2026-07-09,58
EMP00456,2014-08-28,2014-10-09,42
EMP00456,2017-02-18,2017-03-06,16
EMP00456,2018-01-18,2018-02-05,18
EMP00456,2018-12-19,2019-01-30,42
EMP00456,2020-07-29,2020-09-05,38
EMP00456,2024-10-03,2024-11-06,34
EMP00456,2026-02-23,2026-04-12,48
EMP00457,2017-07-05,2017-07-30,25
EMP00457,2018-08-05,2018-09-15,41
EMP00457,2019-07-28,2019-09-14,48
EMP00457,2020-10-19,2020-11-26,38
EMP00457,2021-05-15,2021-07-02,48
EMP00457,2023-10-27,2023-11-18,22
EMP00457,2025-03-25,2025-04-26,32
EMP00458,2020-06-28,2020-08-25,58
EMP00458,2020-11-18,2021-01-28,71
EMP00458,2023-12-12,2024-02-08,58
EMP00458,2026-06-02,2026-07-13,41
EMP00459,2024-10-02,2024-10-26,24
EMP00459,2025-02-01,2025-02-08,7
EMP00459,2026-04-17,2026-05-28,41
EMP00460,2023-08-27,2023-10-29,63
EMP00460,2024-02-03,2024-03-18,44
EMP00461,2020-06-25,2020-07-17,22
EMP00461,2022-02-17,2022-04-08,50
EMP00461,2024-03-10,2024-04-14,35
EMP00461,2025-08-10,2025-10-01,52
EMP00464,2018-05-29,2018-06-29,31
EMP00464,2025-08-22,2025-08-26,4
EMP00466,2019-07-24,2019-08-15,22
EMP00466,2020-09-06,2020-10-11,35
EMP00466,2021-09-19,2021-09-23,4
EMP00466,2023-04-30,2023-06-06,37
EMP00467,2022-05-10,2022-07-09,60
EMP00467,2025-08-17,2025-10-09,53
EMP00468,2025-07-28,2025-09-16,50
EMP00468,2025-12-12,2026-01-22,41
EMP00469,2018-11-10,2018-12-22,42
EMP00469,2020-03-24,2020-04-29,36
EMP00469,2020-09-14,2020-10-06,22
EMP00469,2021-02-24,2021-03-23,27
EMP00469,2022-08-03,2022-09-25,53
EMP00469,2024-01-13,2024-03-08,55
EMP00469,2025-11-02,2025-12-09,37
EMP00470,2018-11-07,2018-11-11,4
EMP00470,2024-10-04,2024-10-08,4
EMP00472,2023-12-08,2024-02-09,63
EMP00472,2024-07-07,2024-08-28,52
EMP00472,2025-08-22,2025-09-21,30
EMP00472,2025-12-06,2026-02-10,66
EMP00473,2018-11-03,2018-12-08,35
EMP00473,2019-07-09,2019-07-25,16
EMP00473,2019-12-06,2020-01-09,34
EMP00473,2022-10-17,2022-11-17,31
EMP00473,2024-08-15,2024-09-18,34
EMP00474,2021-04-17,2021-05-02,15
EMP00474,2021-09-04,2021-09-10,6
EMP00474,2023-12-23,2024-01-06,14
EMP00475,2021-09-02,2021-09-26,24
EMP00475,2023-05-01,2023-06-12,42
EMP00475,2023-12-21,2024-02-03,44
EMP00476,2023-09-09,2023-10-06,27
EMP00476,2024-02-04,2024-03-04,29
EMP00476,2025-01-16,2025-02-15,30
EMP00478,2021-01-31,2021-04-04,63
EMP00478,2022-09-28,2022-12-17,80
EMP00478,2023-03-12,2023-05-05,54
EMP00478,2024-07-23,2024-09-18,57
EMP00478,2025-10-14,2025-12-11,58
EMP00478,2026-04-22,2026-06-26,65
EMP00479,2021-03-20,2021-06-13,85
EMP00479,2021-09-06,2021-11-08,63
EMP00479,2022-02-10,2022-04-30,79
EMP00479,2023-09-02,2023-10-21,49
EMP00479,2024-11-03,2024-12-26,53
EMP00479,2025-06-29,2025-07-29,30
EMP00479,2026-02-06,2026-03-18,40
EMP00480,2021-10-17,2021-11-17,31
EMP00480,2022-05-16,2022-06-22,37
EMP00480,2025-05-10,2025-06-20,41
EMP00480,2026-01-11,2026-01-15,4
EMP00481,2026-04-07,2026-05-18,41
EMP00482,2015-01-10,2015-01-21,11
EMP00482,2015-04-16,2015-04-28,12
EMP00482,2019-08-04,2019-08-16,12
EMP00482,2020-01-31,2020-02-04,4
EMP00482,2021-12-15,2021-12-29,14
EMP00482,2023-07-24,2023-09-12,50
EMP00484,2020-02-02,2020-03-03,30
EMP00484,2020-11-30,2021-01-20,51
EMP00484,2021-07-10,2021-09-18,70
EMP00484,2021-12-23,2022-02-09,48
EMP00484,2023-12-21,2024-02-12,53
EMP00484,2024-08-09,2024-09-10,32
EMP00484,2026-02-05,2026-03-26,49
EMP00485,2023-06-04,2023-06-28,24
EMP00485,2024-09-30,2024-11-03,34
EMP00486,2020-11-18,2021-01-15,58
EMP00486,2023-07-19,2023-09-15,58
EMP00486,2024-05-13,2024-06-24,42
EMP00486,2025-12-08,2026-01-17,40
EMP00487,2014-03-30,2014-04-13,14
EMP00487,2019-07-21,2019-08-22,32
EMP00487,2023-05-29,2023-06-24,26
EMP00488,2020-04-29,2020-05-20,21
EMP00488,2023-12-13,2024-01-07,25
EMP00488,2024-04-16,2024-04-30,14
EMP00488,2024-11-21,2024-12-25,34
EMP00489,2018-05-21,2018-06-25,35
EMP00489,2023-01-09,2023-02-06,28
EMP00489,2024-01-08,2024-01-25,17
EMP00489,2024-04-17,2024-05-08,21
EMP00489,2025-12-21,2026-01-15,25
EMP00490,2019-11-11,2019-12-28,47
EMP00490,2020-06-07,2020-08-02,56
EMP00490,2020-11-02,2020-12-09,37
EMP00490,2021-08-14,2021-09-15,32
EMP00490,2023-05-10,2023-07-10,61
EMP00490,2024-08-08,2024-10-03,56
EMP00492,2023-05-13,2023-06-26,44
EMP00492,2023-10-08,2023-11-16,39
EMP00492,2024-06-09,2024-07-24,45
EMP00493,2021-12-19,2022-01-07,19
EMP00494,2026-04-03,2026-04-27,24
EMP00495,2025-02-16,2025-04-16,59
EMP00495,2025-07-26,2025-09-23,59
EMP00497,2024-12-27,2025-02-17,52
EMP00497,2025-05-29,2025-07-16,48
EMP00498,2023-11-25,2023-12-14,19
EMP00499,2016-09-05,2016-10-15,40
EMP00499,2020-07-07,2020-09-05,60
EMP00499,2021-09-06,2021-10-16,40
EMP00499,2022-12-11,2023-01-08,28
EMP00499,2023-09-17,2023-11-06,50
EMP00499,2024-12-16,2025-01-26,41
EMP00499,2025-04-20,2025-06-02,43
EMP00499,2026-01-27,2026-03-02,34
EMP00499,2026-05-05,2026-06-12,38
EMP00500,2015-07-26,2015-09-04,40
EMP00500,2016-07-13,2016-08-27,45
EMP00500,2018-09-22,2018-11-20,59
EMP00500,2021-03-31,2021-05-18,48
EMP00500,2022-12-18,2023-01-28,41
EMP00500,2023-11-16,2023-12-22,36
EMP00501,2019-06-07,2019-06-13,6
EMP00502,2025-08-10,2025-09-26,47
EMP00502,2026-02-17,2026-04-10,52
EMP00503,2020-12-29,2021-01-11,13
EMP00503,2021-10-25,2021-12-13,49
EMP00503,2024-01-19,2024-02-21,33
EMP00505,2016-02-09,2016-02-20,11
EMP00505,2020-04-17,2020-05-02,15
EMP00505,2024-04-26,2024-05-25,29
EMP00505,2025-01-04,2025-02-09,36
EMP00506,2014-07-11,2014-07-15,4
EMP00506,2017-07-11,2017-07-15,4
EMP00506,2025-08-13,2025-08-18,5
EMP00507,2022-06-10,2022-08-06,57
EMP00507,2023-06-25,2023-07-20,25
EMP00507,2024-01-03,2024-01-20,17
EMP00508,2024-02-03,2024-02-23,20
EMP00510,2022-12-09,2023-02-05,58
EMP00510,2023-04-30,2023-06-14,45
EMP00512,2014-09-28,2014-10-26,28
EMP00512,2017-12-15,2018-02-13,60
EMP00512,2018-10-10,2018-11-20,41
EMP00512,2020-04-15,2020-05-13,28
EMP00512,2021-05-24,2021-07-20,57
EMP00512,2024-07-04,2024-08-15,42
EMP00512,2024-10-14,2024-12-12,59
EMP00513,2026-04-09,2026-05-30,51
EMP00514,2022-08-20,2022-09-07,18
EMP00514,2023-11-05,2023-12-03,28
EMP00514,2025-02-06,2025-02-16,10
EMP00514,2025-05-02,2025-05-27,25
EMP00516,2024-07-09,2024-08-17,39
EMP00516,2026-05-16,2026-06-27,42
EMP00517,2011-09-21,2011-11-05,45
EMP00517,2015-07-10,2015-08-16,37
EMP00517,2015-10-22,2015-11-29,38
EMP00517,2016-01-28,2016-04-09,72
EMP00517,2016-12-30,2017-02-08,40
EMP00517,2019-03-03,2019-04-23,51
EMP00517,2019-07-20,2019-09-04,46
EMP00517,2020-04-21,2020-05-31,40
EMP00517,2021-10-24,2021-12-13,50
EMP00517,2022-03-06,2022-05-14,69
EMP00517,2023-01-17,2023-02-21,35
EMP00517,2024-02-01,2024-03-01,29
EMP00517,2024-06-24,2024-08-29,66
EMP00517,2025-12-10,2026-02-06,58
EMP00518,2025-04-26,2025-06-21,56
EMP00518,2026-02-23,2026-04-29,65
EMP00519,2019-11-28,2019-12-14,16
EMP00519,2020-09-07,2020-10-24,47
EMP00519,2021-11-29,2022-01-06,38
EMP00519,2023-03-19,2023-04-02,14
EMP00519,2024-02-09,2024-03-07,27
EMP00519,2024-11-11,2024-12-18,37
EMP00519,2026-01-20,2026-01-29,9
EMP00520,2024-07-08,2024-07-15,7
EMP00520,2024-11-14,2024-11-28,14
EMP00521,2020-02-09,2020-03-25,45
EMP00521,2022-09-25,2022-11-02,38
EMP00521,2023-02-05,2023-03-22,45
EMP00521,2024-12-01,2025-01-03,33
EMP00522,2023-07-17,2023-08-18,32
EMP00522,2026-01-22,2026-02-20,29
EMP00523,2023-02-24,2023-03-21,25
EMP00523,2025-01-19,2025-02-21,33
EMP00525,2025-07-18,2025-08-14,27
EMP00527,2020-01-26,2020-03-25,59
EMP00527,2020-11-20,2021-01-06,47
EMP00527,2021-07-25,2021-08-21,27
EMP00527,2022-03-08,2022-04-15,38
EMP00527,2022-08-14,2022-09-23,40
EMP00527,2024-02-12,2024-04-17,65
EMP00527,2025-02-04,2025-04-03,58
EMP00531,2017-03-18,2017-05-02,45
EMP00531,2018-05-31,2018-07-06,36
EMP00531,2020-05-29,2020-06-13,15
EMP00531,2021-10-05,2021-11-11,37
EMP00531,2022-05-28,2022-06-21,24
EMP00531,2024-02-25,2024-04-04,39
EMP00531,2025-01-31,2025-03-15,43
EMP00532,2024-12-18,2025-01-16,29
EMP00533,2024-05-29,2024-06-30,32
EMP00533,2025-07-10,2025-07-27,17
EMP00534,2011-04-30,2011-06-14,45
EMP00534,2016-09-05,2016-09-28,23
EMP00534,2020-03-17,2020-05-03,47
EMP00534,2021-02-09,2021-04-02,52
EMP00534,2021-06-28,2021-07-18,20
EMP00534,2022-09-05,2022-10-09,34
EMP00534,2023-03-18,2023-04-23,36
EMP00534,2026-06-10,2026-07-17,37
EMP00535,2018-12-10,2019-01-27,48
EMP00535,2021-01-22,2021-03-16,53
EMP00535,2021-10-28,2021-12-07,40
EMP00535,2023-11-13,2023-12-31,48
EMP00535,2026-03-26,2026-05-19,54
EMP00537,2021-08-22,2021-10-23,62
EMP00537,2022-02-17,2022-04-25,67
EMP00537,2025-09-26,2025-12-02,67
EMP00537,2026-02-13,2026-04-07,53
EMP00538,2025-11-07,2025-12-16,39
EMP00539,2022-11-09,2022-12-14,35
EMP00539,2026-03-15,2026-03-19,4
EMP00540,2025-03-29,2025-04-18,20
EMP00541,2018-11-19,2018-12-28,39
EMP00541,2022-07-06,2022-08-05,30
EMP00541,2024-02-10,2024-03-21,40
EMP00541,2025-02-10,2025-03-15,33
EMP00542,2021-05-21,2021-06-24,34
EMP00542,2024-04-11,2024-05-09,28
EMP00542,2024-10-20,2024-11-16,27
EMP00543,2025-05-22,2025-07-13,52
EMP00544,2021-03-24,2021-04-02,9
EMP00544,2023-08-18,2023-08-25,7
EMP00545,2019-04-09,2019-04-22,13
EMP00545,2019-11-14,2019-12-16,32
EMP00545,2022-08-28,2022-09-20,23
EMP00545,2022-12-19,2023-01-24,36
EMP00545,2023-04-09,2023-05-29,50
EMP00545,2025-01-21,2025-01-29,8
EMP00545,2025-11-25,2025-12-13,18
EMP00547,2019-07-10,2019-08-07,28
EMP00547,2020-09-24,2020-09-30,6
EMP00547,2021-09-30,2021-11-11,42
EMP00547,2022-08-21,2022-09-23,33
EMP00548,2023-06-27,2023-07-08,11
EMP00549,2026-02-05,2026-03-10,33
EMP00550,2018-07-27,2018-08-31,35
EMP00550,2024-06-11,2024-06-15,4
EMP00551,2022-03-09,2022-04-12,34
EMP00551,2023-03-06,2023-04-05,30
EMP00551,2024-01-15,2024-02-13,29
EMP00551,2025-08-24,2025-09-20,27
EMP00552,2019-02-24,2019-03-08,12
EMP00552,2021-09-21,2021-10-23,32
EMP00552,2024-07-30,2024-09-13,45
EMP00552,2025-05-06,2025-05-17,11
EMP00552,2026-03-28,2026-04-30,33
EMP00553,2020-01-29,2020-03-10,41
EMP00553,2020-08-20,2020-10-02,43
EMP00553,2021-07-20,2021-09-15,57
EMP00553,2022-10-03,2022-11-22,50
EMP00553,2023-01-31,2023-03-17,45
EMP00553,2024-08-13,2024-10-13,61
EMP00553,2025-04-20,2025-06-18,59
EMP00555,2024-07-23,2024-08-01,9
EMP00555,2024-11-14,2024-12-26,42
EMP00555,2025-09-19,2025-10-12,23
EMP00556,2024-02-15,2024-03-12,26
EMP00557,2020-10-12,2020-11-18,37
EMP00557,2022-03-03,2022-05-07,65
EMP00557,2022-07-09,2022-08-12,34
EMP00557,2026-05-21,2026-07-06,46
EMP00559,2023-04-14,2023-05-06,22
EMP00559,2025-06-16,2025-07-27,41
EMP00560,2024-05-21,2024-05-29,8
EMP00561,2020-08-17,2020-10-11,55
EMP00561,2020-12-28,2021-03-03,65
EMP00561,2022-11-13,2022-12-30,47
EMP00561,2023-12-10,2024-01-28,49
EMP00561,2024-10-05,2024-11-03,29
EMP00561,2025-05-06,2025-07-11,66
EMP00561,2026-03-25,2026-05-23,59
EMP00562,2019-06-08,2019-07-14,36
EMP00562,2020-05-07,2020-06-12,36
EMP00562,2021-01-29,2021-03-07,37
EMP00562,2022-03-23,2022-04-20,28
EMP00562,2025-04-24,2025-06-09,46
EMP00562,2025-11-16,2025-12-31,45
EMP00563,2023-04-27,2023-06-10,44
EMP00563,2025-04-26,2025-06-11,46
EMP00563,2026-04-15,2026-06-02,48
EMP00564,2024-09-14,2024-11-05,52
EMP00565,2017-05-02,2017-05-27,25
EMP00565,2022-08-30,2022-09-29,30
EMP00565,2025-01-25,2025-02-10,16
EMP00565,2025-12-23,2025-12-28,5
EMP00566,2025-12-04,2026-01-19,46
EMP00567,2022-12-01,2022-12-30,29
EMP00567,2024-09-26,2024-11-10,45
EMP00567,2025-01-16,2025-03-09,52
EMP00567,2026-03-22,2026-05-15,54
EMP00568,2022-12-30,2023-01-26,27
EMP00568,2025-02-14,2025-03-11,25
EMP00569,2024-08-04,2024-08-18,14
EMP00570,2024-01-20,2024-02-19,30
EMP00570,2024-10-14,2024-12-11,58
EMP00570,2025-03-01,2025-03-31,30
EMP00571,2023-10-15,2023-11-03,19
EMP00571,2024-07-03,2024-07-30,27
EMP00571,2025-12-07,2025-12-19,12
EMP00571,2026-03-03,2026-03-20,17
EMP00572,2021-03-27,2021-05-20,54
EMP00572,2021-12-25,2022-01-28,34
EMP00572,2023-06-03,2023-08-07,65
EMP00572,2024-09-18,2024-11-11,54
EMP00572,2025-10-14,2025-11-03,20
EMP00573,2024-07-31,2024-08-26,26
EMP00573,2025-02-15,2025-03-20,33
EMP00575,2022-04-26,2022-05-20,24
EMP00575,2023-08-14,2023-09-17,34
EMP00575,2024-09-02,2024-10-12,40
EMP00575,2025-10-04,2025-11-28,55
EMP00577,2025-08-01,2025-08-31,30
EMP00578,2022-03-23,2022-04-05,13
EMP00578,2023-09-04,2023-09-24,20
EMP00579,2015-06-18,2015-08-24,67
EMP00579,2016-03-18,2016-05-13,56
EMP00579,2019-03-12,2019-04-22,41
EMP00579,2021-06-03,2021-07-30,57
EMP00579,2024-09-18,2024-10-26,38
EMP00579,2025-03-09,2025-04-23,45
EMP00579,2026-04-06,2026-05-14,38
EMP00580,2022-09-09,2022-09-26,17
EMP00581,2025-10-30,2025-11-03,4
EMP00584,2022-11-29,2023-01-16,48
EMP00584,2024-10-27,2024-11-27,31
EMP00584,2026-04-12,2026-05-10,28
EMP00585,2023-01-20,2023-02-21,32
EMP00585,2024-01-08,2024-02-14,37
EMP00586,2024-05-08,2024-06-28,51
EMP00586,2025-03-03,2025-03-31,28
EMP00587,2012-02-11,2012-03-02,20
EMP00587,2013-01-11,2013-02-03,23
EMP00587,2014-07-30,2014-08-10,11
EMP00587,2015-01-11,2015-01-16,5
EMP00587,2016-07-01,2016-08-03,33
EMP00587,2017-06-27,2017-07-21,24
EMP00588,2020-03-23,2020-04-15,23
EMP00588,2020-06-25,2020-08-04,40
EMP00588,2021-03-11,2021-04-27,47
EMP00588,2022-05-30,2022-06-25,26
EMP00588,2023-05-16,2023-07-02,47
EMP00589,2019-01-23,2019-03-03,39
EMP00589,2019-09-24,2019-10-20,26
EMP00589,2021-10-08,2021-10-14,6
EMP00589,2025-04-30,2025-05-30,30
EMP00590,2014-04-02,2014-05-19,47
EMP00590,2015-03-31,2015-06-01,62
EMP00590,2015-10-04,2015-11-14,41
EMP00590,2016-04-18,2016-06-16,59
EMP00590,2018-06-14,2018-08-08,55
EMP00590,2019-06-12,2019-07-06,24
EMP00590,2019-12-14,2020-02-08,56
EMP00590,2020-11-26,2021-01-21,56
EMP00590,2023-03-02,2023-05-03,62
EMP00590,2023-12-13,2024-02-08,57
EMP00590,2024-09-10,2024-10-23,43
EMP00590,2025-03-24,2025-05-18,55
EMP00592,2023-06-07,2023-07-24,47
EMP00592,2026-01-08,2026-02-15,38
EMP00593,2024-09-28,2024-10-28,30
EMP00594,2016-03-09,2016-05-09,61
EMP00594,2017-04-29,2017-07-06,68
EMP00594,2018-10-05,2018-11-20,46
EMP00594,2019-01-25,2019-03-30,64
EMP00594,2020-05-21,2020-07-20,60
EMP00594,2021-04-08,2021-06-06,59
EMP00594,2022-06-30,2022-08-19,50
EMP00594,2023-07-11,2023-08-19,39
EMP00594,2023-12-08,2024-02-05,59
EMP00594,2025-03-07,2025-04-29,53
EMP00594,2025-11-11,2025-12-22,41
EMP00595,2024-10-09,2024-10-21,12
EMP00596,2023-02-07,2023-02-11,4
EMP00598,2025-06-18,2025-07-22,34
EMP00598,2026-05-06,2026-06-14,39
EMP00599,2019-01-10,2019-02-04,25
EMP00599,2020-02-18,2020-02-27,9
EMP00599,2021-10-18,2021-10-25,7
EMP00599,2025-06-02,2025-06-10,8
EMP00601,2020-02-08,2020-02-26,18
EMP00601,2023-01-30,2023-03-22,51
EMP00601,2023-07-12,2023-09-05,55
EMP00601,2025-10-22,2025-12-07,46
EMP00603,2021-10-20,2021-11-19,30
EMP00603,2023-03-30,2023-04-24,25
EMP00603,2024-08-11,2024-09-05,25
EMP00604,2023-10-09,2023-11-15,37
EMP00604,2024-07-13,2024-09-07,56
EMP00604,2025-05-02,2025-07-04,63
EMP00605,2017-09-11,2017-11-04,54
EMP00605,2018-09-10,2018-10-05,25
EMP00605,2020-05-08,2020-07-02,55
EMP00605,2020-09-06,2020-10-14,38
EMP00605,2021-02-18,2021-03-24,34
EMP00605,2021-07-19,2021-08-15,27
EMP00605,2022-09-21,2022-10-31,40
EMP00605,2024-11-06,2024-11-27,21
EMP00605,2025-03-02,2025-04-20,49
EMP00605,2025-10-02,2025-11-28,57
EMP00606,2018-05-06,2018-05-19,13
EMP00606,2020-06-06,2020-06-23,17
EMP00606,2021-01-24,2021-02-24,31
EMP00606,2022-10-06,2022-10-10,4
EMP00607,2024-06-06,2024-07-12,36
EMP00607,2024-12-17,2025-01-08,22
EMP00608,2021-10-11,2021-11-06,26
EMP00608,2022-04-26,2022-05-04,8
EMP00611,2020-04-20,2020-06-02,43
EMP00611,2021-11-09,2021-12-16,37
EMP00611,2023-07-26,2023-09-19,55
EMP00611,2024-03-29,2024-06-07,70
EMP00612,2022-04-18,2022-06-18,61
EMP00613,2023-06-21,2023-08-12,52
EMP00613,2024-01-20,2024-03-25,65
EMP00613,2025-05-13,2025-07-15,63
EMP00613,2026-03-26,2026-04-28,33
EMP00615,2025-12-03,2026-01-23,51
EMP00615,2026-06-06,2026-08-04,59
EMP00616,2014-04-16,2014-06-01,46
EMP00616,2015-11-10,2016-01-04,55
EMP00616,2016-03-21,2016-05-31,71
EMP00616,2016-10-14,2016-12-05,52
EMP00616,2017-05-21,2017-06-22,32
EMP00616,2018-09-12,2018-11-09,58
EMP00616,2020-06-24,2020-08-07,44
EMP00616,2021-01-25,2021-03-01,35
EMP00616,2021-09-10,2021-10-09,29
EMP00616,2023-02-25,2023-04-02,36
EMP00616,2024-07-27,2024-08-28,32
EMP00616,2026-01-06,2026-02-23,48
EMP00618,2023-03-22,2023-04-07,16
EMP00619,2015-09-17,2015-10-18,31
EMP00619,2016-11-24,2017-01-03,40
EMP00619,2018-05-12,2018-06-27,46
EMP00619,2020-02-04,2020-02-29,25
EMP00619,2021-02-07,2021-02-18,11
EMP00619,2021-11-10,2021-12-13,33
EMP00619,2024-02-08,2024-03-04,25
EMP00619,2024-12-19,2025-02-03,46
EMP00619,2025-04-20,2025-05-25,35
EMP00619,2025-10-02,2025-10-27,25
EMP00620,2023-06-21,2023-06-28,7
EMP00620,2024-10-15,2024-11-26,42
EMP00621,2014-04-12,2014-05-02,20
EMP00621,2015-09-09,2015-10-18,39
EMP00621,2016-12-26,2017-01-20,25
EMP00621,2018-10-26,2018-11-10,15
EMP00621,2020-06-06,2020-07-13,37
EMP00621,2023-03-31,2023-05-07,37
EMP00621,2025-01-28,2025-03-21,52
EMP00621,2026-01-31,2026-02-26,26
EMP00622,2013-11-30,2013-12-10,10
EMP00622,2018-06-19,2018-06-23,4
EMP00622,2022-03-29,2022-04-02,4
EMP00622,2025-01-20,2025-02-14,25
EMP00624,2022-04-13,2022-06-14,62
EMP00624,2023-04-09,2023-06-04,56
EMP00624,2023-12-03,2024-01-08,36
EMP00624,2025-05-19,2025-07-03,45
EMP00624,2025-10-11,2025-12-01,51
EMP00625,2025-04-10,2025-05-10,30
EMP00626,2020-11-10,2020-12-31,51
EMP00626,2022-06-17,2022-08-03,47
EMP00626,2024-09-26,2024-11-28,63
EMP00626,2025-03-16,2025-04-21,36
EMP00626,2025-12-23,2026-03-02,69
EMP00627,2025-06-17,2025-09-04,79
EMP00627,2026-06-06,2026-08-12,67
EMP00628,2024-07-25,2024-08-17,23
EMP00628,2025-02-04,2025-03-25,49
EMP00629,2021-07-04,2021-08-01,28
EMP00629,2025-12-01,2025-12-05,4
EMP00630,2026-03-18,2026-03-29,11
EMP00631,2022-12-24,2023-02-03,41
EMP00631,2024-04-03,2024-06-08,66
EMP00631,2025-03-13,2025-05-15,63
EMP00631,2025-10-12,2025-12-01,50
EMP00632,2011-03-14,2011-05-06,53
EMP00632,2012-01-07,2012-02-24,48
EMP00632,2013-11-25,2014-01-23,59
EMP00632,2015-07-24,2015-09-08,46
EMP00632,2016-04-15,2016-05-21,36
EMP00632,2016-12-03,2017-01-16,44
EMP00632,2017-07-19,2017-08-17,29
EMP00632,2018-07-18,2018-09-09,53
EMP00632,2018-12-31,2019-02-16,47
EMP00632,2021-01-01,2021-02-26,56
EMP00632,2021-05-23,2021-07-03,41
EMP00632,2023-01-17,2023-03-21,63
EMP00632,2023-12-09,2024-01-19,41
EMP00632,2024-05-15,2024-07-07,53
EMP00633,2024-10-01,2024-10-30,29
EMP00634,2021-08-08,2021-09-04,27
EMP00635,2024-09-27,2024-12-02,66
EMP00635,2025-12-23,2026-03-08,75
EMP00636,2025-10-13,2025-10-29,16
EMP00639,2024-02-27,2024-04-05,38
EMP00639,2024-11-28,2025-01-15,48
EMP00639,2026-03-29,2026-05-23,55
EMP00640,2015-11-24,2015-11-28,4
EMP00641,2020-05-17,2020-06-18,32
EMP00641,2025-03-12,2025-03-22,10
EMP00642,2025-06-26,2025-07-02,6
EMP00643,2015-05-18,2015-05-22,4
EMP00643,2021-03-12,2021-04-05,24
EMP00643,2025-02-12,2025-03-02,18
EMP00643,2025-10-20,2025-11-04,15
EMP00644,2021-12-07,2022-01-05,29
EMP00644,2022-08-02,2022-08-19,17
EMP00644,2023-05-04,2023-05-24,20
EMP00644,2023-11-11,2023-12-24,43
EMP00644,2024-11-11,2025-01-03,53
EMP00644,2026-04-15,2026-06-04,50
EMP00645,2025-04-11,2025-06-05,55
EMP00646,2025-04-17,2025-06-08,52
EMP00648,2020-11-14,2021-01-08,55
EMP00648,2024-07-02,2024-09-21,81
EMP00648,2025-10-06,2025-11-24,49
EMP00649,2025-05-06,2025-05-31,25
EMP00650,2024-05-01,2024-05-18,17
EMP00652,2025-10-17,2025-11-13,27
EMP00652,2026-04-30,2026-06-06,37
EMP00654,2025-06-18,2025-08-12,55
EMP00655,2018-09-01,2018-09-26,25
EMP00655,2023-08-18,2023-09-05,18
EMP00655,2024-08-09,2024-09-19,41
EMP00656,2024-02-19,2024-03-07,17
EMP00656,2025-10-10,2025-10-24,14
EMP00657,2023-03-27,2023-05-01,35
EMP00657,2023-12-26,2024-01-28,33
EMP00658,2024-10-15,2024-12-09,55
EMP00658,2025-05-31,2025-06-04,4
EMP00659,2023-05-26,2023-06-12,17
EMP00660,2021-06-02,2021-06-26,24
EMP00660,2024-01-15,2024-02-04,20
EMP00660,2024-08-31,2024-09-28,28
EMP00661,2025-05-01,2025-05-11,10
EMP00661,2026-03-23,2026-04-21,29
EMP00662,2015-10-08,2015-11-09,32
EMP00662,2020-11-09,2020-11-13,4
EMP00662,2023-11-13,2023-11-20,7
EMP00663,2025-08-22,2025-10-13,52
EMP00664,2025-08-07,2025-09-30,54
EMP00665,2022-04-17,2022-05-11,24
EMP00666,2024-08-26,2024-09-20,25
EMP00666,2026-01-17,2026-02-24,38
EMP00667,2024-10-30,2024-12-01,32
EMP00668,2025-05-08,2025-06-03,26
EMP00669,2024-01-19,2024-01-31,12
EMP00670,2017-05-03,2017-06-04,32
EMP00670,2018-01-22,2018-03-08,45
EMP00670,2019-03-13,2019-04-18,36
EMP00670,2019-11-05,2019-12-05,30
EMP00670,2021-09-27,2021-11-01,35
EMP00670,2024-06-29,2024-08-12,44
EMP00671,2024-09-22,2024-10-21,29
EMP00671,2026-01-14,2026-02-24,41
EMP00672,2025-07-21,2025-08-13,23
EMP00673,2023-07-02,2023-07-24,22
EMP00673,2024-04-11,2024-05-06,25
EMP00674,2015-08-05,2015-08-19,14
EMP00674,2017-09-26,2017-10-27,31
EMP00674,2018-02-17,2018-03-06,17
EMP00674,2019-01-05,2019-01-28,23
EMP00674,2020-05-07,2020-06-03,27
EMP00674,2020-10-05,2020-11-24,50
EMP00674,2025-01-23,2025-02-28,36
EMP00675,2021-01-02,2021-01-18,16
EMP00675,2021-06-01,2021-07-11,40
EMP00675,2022-10-29,2022-12-06,38
EMP00675,2024-06-08,2024-07-09,31
EMP00676,2022-08-22,2022-10-21,60
EMP00676,2023-04-06,2023-05-14,38
EMP00676,2023-08-22,2023-10-04,43
EMP00676,2024-03-03,2024-04-10,38
EMP00676,2025-03-15,2025-05-04,50
EMP00676,2026-05-02,2026-05-27,25
EMP00677,2023-01-30,2023-02-03,4
EMP00677,2024-01-20,2024-01-24,4
EMP00679,2022-10-30,2022-11-24,25
EMP00679,2023-11-20,2024-01-03,44
EMP00679,2024-05-06,2024-06-13,38
EMP00679,2025-04-10,2025-05-08,28
EMP00680,2026-05-08,2026-07-05,58
EMP00683,2023-10-27,2023-12-03,37
EMP00683,2024-02-04,2024-03-19,44
EMP00683,2026-02-28,2026-03-26,26
EMP00684,2025-06-03,2025-06-30,27
EMP00684,2025-11-04,2025-12-21,47
EMP00685,2018-05-19,2018-07-23,65
EMP00685,2018-10-25,2018-12-01,37
EMP00685,2019-04-05,2019-04-30,25
EMP00685,2021-09-07,2021-10-23,46
EMP00685,2024-08-12,2024-09-27,46
EMP00685,2025-10-02,2025-11-17,46
EMP00685,2026-05-24,2026-07-08,45
EMP00686,2025-02-26,2025-03-05,7
EMP00687,2024-06-28,2024-07-06,8
EMP00688,2024-11-30,2024-12-24,24
EMP00688,2026-01-20,2026-02-17,28
EMP00689,2021-10-04,2021-11-21,48
EMP00689,2022-01-31,2022-03-13,41
EMP00689,2024-10-07,2024-11-11,35
EMP00689,2025-10-16,2026-01-12,88
EMP00689,2026-05-28,2026-07-11,44
EMP00690,2020-08-10,2020-09-15,36
EMP00690,2023-01-20,2023-02-27,38
EMP00690,2024-02-07,2024-04-09,62
EMP00690,2026-04-03,2026-05-20,47
EMP00691,2018-04-18,2018-05-01,13
EMP00691,2021-10-22,2021-11-22,31
EMP00692,2020-09-27,2020-11-13,47
EMP00692,2021-06-09,2021-08-07,59
EMP00692,2022-05-18,2022-07-07,50
EMP00692,2022-11-19,2023-01-18,60
EMP00692,2024-10-09,2024-12-01,53
EMP00692,2025-08-10,2025-09-19,40
EMP00693,2019-09-28,2019-11-29,62
EMP00693,2020-02-01,2020-03-03,31
EMP00693,2021-05-21,2021-06-22,32
EMP00693,2022-09-23,2022-10-01,8
EMP00693,2023-05-30,2023-07-07,38
EMP00693,2024-01-28,2024-03-22,54
EMP00694,2025-11-13,2025-11-17,4
EMP00695,2016-12-30,2017-01-28,29
EMP00695,2018-10-20,2018-12-07,48
EMP00695,2019-07-05,2019-08-30,56
EMP00695,2020-03-16,2020-04-17,32
EMP00695,2020-07-22,2020-09-24,64
EMP00695,2020-12-10,2021-02-13,65
EMP00695,2021-07-14,2021-09-13,61
EMP00695,2022-03-24,2022-05-19,56
EMP00695,2025-10-09,2025-11-17,39
EMP00696,2023-08-02,2023-08-12,10
EMP00696,2023-10-19,2023-11-27,39
EMP00696,2024-05-13,2024-07-03,51
EMP00696,2025-04-19,2025-06-04,46
EMP00697,2023-08-26,2023-10-09,44
EMP00697,2024-04-11,2024-05-28,47
EMP00697,2024-09-27,2024-10-26,29
EMP00698,2020-09-20,2020-10-14,24
EMP00698,2022-01-05,2022-01-26,21
EMP00698,2024-08-30,2024-09-26,27
EMP00698,2025-04-20,2025-06-05,46
EMP00700,2021-01-05,2021-02-14,40
EMP00700,2022-06-02,2022-06-28,26
EMP00700,2023-01-07,2023-02-08,32
EMP00700,2025-01-24,2025-03-10,45
EMP00701,2016-09-13,2016-09-17,4
EMP00701,2019-07-07,2019-07-11,4
EMP00702,2021-02-12,2021-03-23,39
EMP00702,2023-12-23,2024-01-01,9
EMP00702,2025-02-25,2025-03-28,31
EMP00702,2025-11-14,2025-11-23,9
EMP00703,2024-12-26,2025-02-01,37
EMP00704,2021-02-09,2021-03-21,40
EMP00704,2023-07-15,2023-07-25,10
EMP00704,2025-05-19,2025-06-21,33
EMP00705,2024-06-24,2024-07-26,32
EMP00705,2025-11-26,2026-01-07,42
EMP00706,2025-12-09,2025-12-13,4
EMP00707,2019-07-30,2019-08-03,4
EMP00708,2026-05-15,2026-06-02,18
EMP00709,2023-11-16,2023-12-09,23
EMP00709,2024-05-22,2024-07-03,42
EMP00709,2024-11-07,2024-11-20,13
EMP00710,2025-06-10,2025-07-18,38
EMP00710,2025-11-19,2026-01-02,44
EMP00711,2021-08-19,2021-10-05,47
EMP00711,2023-10-02,2023-11-23,52
EMP00711,2024-02-20,2024-04-13,53
EMP00712,2026-05-04,2026-06-01,28
EMP00715,2016-10-28,2016-11-28,31
EMP00715,2017-12-22,2018-01-21,30
EMP00715,2020-08-06,2020-09-24,49
EMP00715,2022-03-23,2022-05-01,39
EMP00715,2023-04-12,2023-05-21,39
EMP00715,2024-01-04,2024-01-25,21
EMP00715,2024-05-09,2024-06-25,47
EMP00715,2025-08-20,2025-10-09,50
EMP00716,2025-01-26,2025-03-02,35
EMP00716,2025-09-25,2025-11-05,41
EMP00717,2021-05-05,2021-06-01,27
EMP00717,2022-02-14,2022-03-25,39
EMP00717,2022-12-06,2022-12-19,13
EMP00717,2024-05-08,2024-06-01,24
EMP00717,2026-02-23,2026-02-28,5
EMP00718,2023-01-12,2023-02-28,47
EMP00718,2024-04-23,2024-05-18,25
EMP00718,2024-08-12,2024-09-08,27
EMP00718,2025-08-28,2025-10-03,36
EMP00719,2020-09-27,2020-12-03,67
EMP00719,2021-07-20,2021-09-23,65
EMP00719,2022-11-27,2023-01-24,58
EMP00719,2023-05-23,2023-07-10,48
EMP00719,2024-04-20,2024-06-01,42
EMP00719,2025-02-21,2025-04-12,50
EMP00719,2025-10-16,2025-12-28,73
EMP00720,2025-12-09,2026-01-12,34
EMP00721,2015-12-02,2015-12-16,14
EMP00721,2016-07-26,2016-08-15,20
EMP00721,2017-09-30,2017-10-16,16
EMP00721,2021-11-07,2021-12-04,27
EMP00721,2022-06-11,2022-07-03,22
EMP00722,2025-03-13,2025-04-02,20
EMP00723,2018-05-20,2018-07-26,67
EMP00723,2020-02-28,2020-04-24,56
EMP00723,2022-02-19,2022-03-23,32
EMP00723,2022-07-05,2022-07-26,21
EMP00724,2015-04-20,2015-05-03,13
EMP00724,2017-01-08,2017-02-07,30
EMP00724,2018-11-14,2018-12-16,32
EMP00724,2023-11-21,2023-12-12,21
EMP00725,2022-08-23,2022-08-30,7
EMP00725,2024-08-15,2024-09-14,30
EMP00725,2025-05-15,2025-06-09,25
EMP00726,2023-03-17,2023-04-30,44
EMP00726,2026-05-22,2026-06-12,21
EMP00727,2018-09-17,2018-10-23,36
EMP00727,2021-03-13,2021-04-13,31
EMP00727,2024-04-29,2024-07-01,63
EMP00727,2025-02-17,2025-04-14,56
EMP00728,2021-09-10,2021-09-28,18
EMP00728,2023-02-26,2023-03-25,27
EMP00728,2024-02-23,2024-03-17,23
EMP00728,2025-10-22,2025-11-26,35
EMP00728,2026-05-25,2026-06-19,25
EMP00729,2015-11-18,2015-12-19,31
EMP00729,2018-06-17,2018-07-23,36
EMP00729,2020-03-26,2020-05-06,41
EMP00729,2023-04-30,2023-06-07,38
EMP00729,2024-05-04,2024-06-24,51
EMP00730,2020-05-20,2020-06-14,25
EMP00730,2021-11-09,2021-12-09,30
EMP00730,2022-02-18,2022-04-11,52
EMP00730,2023-04-26,2023-06-10,45
EMP00730,2025-06-18,2025-08-11,54
EMP00730,2026-04-26,2026-05-31,35
EMP00732,2024-03-29,2024-04-28,30
EMP00733,2016-07-19,2016-08-01,13
EMP00733,2017-03-26,2017-05-06,41
EMP00733,2018-07-29,2018-08-29,31
EMP00733,2020-02-22,2020-03-30,37
EMP00733,2025-03-03,2025-04-09,37
EMP00734,2021-07-11,2021-09-07,58
EMP00734,2022-02-05,2022-04-15,69
EMP00734,2022-09-04,2022-10-21,47
EMP00734,2024-01-12,2024-02-11,30
EMP00734,2024-06-02,2024-07-10,38
EMP00734,2024-09-14,2024-11-05,52
EMP00734,2025-12-14,2026-02-11,59
EMP00735,2019-02-02,2019-02-14,12
EMP00736,2014-09-14,2014-09-18,4
EMP00736,2020-05-09,2020-06-09,31
EMP00736,2022-06-02,2022-06-06,4
EMP00736,2024-09-09,2024-09-21,12
EMP00736,2025-09-28,2025-10-20,22
EMP00738,2020-07-21,2020-08-10,20
EMP00738,2023-06-29,2023-07-31,32
EMP00738,2024-03-04,2024-03-27,23
EMP00738,2025-10-28,2025-12-04,37
EMP00739,2018-08-01,2018-08-30,29
EMP00739,2019-11-30,2019-12-28,28
EMP00739,2021-08-01,2021-09-11,41
EMP00739,2022-05-14,2022-07-02,49
EMP00739,2025-01-02,2025-01-22,20
EMP00741,2019-08-17,2019-10-03,47
EMP00741,2020-05-30,2020-07-07,38
EMP00741,2023-05-26,2023-06-20,25
EMP00741,2025-05-20,2025-06-13,24
EMP00741,2026-04-10,2026-04-30,20
EMP00742,2019-06-25,2019-07-22,27
EMP00742,2024-07-10,2024-08-10,31
EMP00742,2026-01-23,2026-01-27,4
EMP00743,2019-07-16,2019-07-26,10
EMP00743,2020-12-11,2021-01-19,39
EMP00743,2022-08-15,2022-09-09,25
EMP00743,2023-08-12,2023-09-01,20
EMP00744,2025-05-10,2025-05-22,12
EMP00744,2025-11-03,2025-12-08,35
EMP00744,2026-02-21,2026-03-17,24
EMP00744,2026-05-16,2026-07-03,48
EMP00745,2024-03-13,2024-05-04,52
EMP00745,2026-03-27,2026-05-09,43
EMP00746,2019-01-07,2019-01-27,20
EMP00746,2020-07-15,2020-08-15,31
EMP00746,2021-03-14,2021-04-14,31
EMP00746,2022-02-24,2022-03-20,24
EMP00746,2025-11-22,2025-12-20,28
EMP00746,2026-04-11,2026-05-27,46
EMP00747,2025-11-19,2026-01-01,43
EMP00748,2018-11-29,2018-12-20,21
EMP00748,2019-09-21,2019-10-10,19
EMP00751,2024-04-25,2024-05-29,34
EMP00751,2024-08-14,2024-10-11,58
EMP00752,2024-10-17,2024-11-01,15
EMP00752,2026-01-12,2026-02-04,23
EMP00753,2019-03-30,2019-04-22,23
EMP00753,2020-10-04,2020-11-26,53
EMP00753,2022-04-08,2022-05-27,49
EMP00753,2023-05-14,2023-06-08,25
EMP00753,2025-03-06,2025-05-02,57
EMP00754,2020-12-05,2020-12-23,18
EMP00754,2022-08-05,2022-09-09,35
EMP00754,2023-06-05,2023-06-18,13
EMP00754,2024-09-22,2024-10-31,39
EMP00755,2024-12-08,2025-01-04,27
EMP00756,2019-04-28,2019-06-17,50
EMP00756,2019-12-11,2020-02-11,62
EMP00756,2021-07-22,2021-09-09,49
EMP00756,2021-12-05,2022-01-09,35
EMP00756,2022-10-09,2022-11-21,43
EMP00756,2024-01-09,2024-02-26,48
EMP00756,2026-05-20,2026-07-30,71
EMP00757,2024-02-18,2024-03-04,15
EMP00757,2024-11-22,2024-12-16,24
EMP00758,2014-12-05,2015-01-15,41
EMP00758,2015-09-29,2015-11-18,50
EMP00758,2016-07-06,2016-09-05,61
EMP00758,2016-11-11,2016-12-15,34
EMP00758,2017-06-06,2017-07-21,45
EMP00758,2018-02-03,2018-03-08,33
EMP00758,2018-09-05,2018-10-23,48
EMP00758,2021-04-26,2021-07-01,66
EMP00758,2022-02-23,2022-04-17,53
EMP00758,2023-01-27,2023-03-15,47
EMP00758,2026-04-26,2026-06-01,36
EMP00759,2019-07-12,2019-07-17,5
EMP00759,2022-11-23,2023-01-05,43
EMP00759,2023-12-20,2024-01-04,15
EMP00759,2024-10-20,2024-10-29,9
EMP00760,2022-12-20,2022-12-31,11
EMP00762,2025-07-17,2025-08-10,24
EMP00763,2023-10-02,2023-10-06,4
EMP00764,2013-01-14,2013-02-10,27
EMP00764,2014-06-28,2014-08-11,44
EMP00764,2019-01-19,2019-02-03,15
EMP00764,2022-03-17,2022-04-11,25
EMP00764,2022-08-07,2022-09-19,43
EMP00764,2025-04-01,2025-05-14,43
EMP00765,2022-12-28,2023-01-13,16
EMP00765,2024-06-25,2024-07-18,23
EMP00766,2020-07-30,2020-08-03,4
EMP00766,2025-12-06,2025-12-13,7
EMP00768,2015-03-20,2015-04-02,13
EMP00768,2015-10-12,2015-10-23,11
EMP00768,2022-01-07,2022-01-22,15
EMP00769,2025-03-13,2025-04-08,26
EMP00770,2022-05-13,2022-06-28,46
EMP00770,2022-11-08,2022-12-27,49
EMP00770,2024-08-29,2024-10-15,47
EMP00770,2025-06-08,2025-08-15,68
EMP00771,2020-09-13,2020-10-12,29
EMP00771,2021-10-31,2021-11-18,18
EMP00773,2018-08-31,2018-09-20,20
EMP00773,2023-06-23,2023-07-13,20
EMP00773,2024-03-22,2024-04-06,15
EMP00774,2023-05-22,2023-06-28,37
EMP00774,2025-09-15,2025-09-19,4
EMP00775,2016-10-02,2016-11-17,46
EMP00775,2019-02-11,2019-02-15,4
EMP00775,2020-06-22,2020-07-28,36
EMP00775,2021-03-25,2021-04-10,16
EMP00775,2022-08-17,2022-09-29,43
EMP00775,2023-02-10,2023-03-15,33
EMP00775,2023-10-10,2023-10-27,17
EMP00775,2024-12-19,2025-01-04,16
EMP00775,2026-06-01,2026-06-27,26
EMP00777,2019-09-10,2019-10-09,29
EMP00778,2023-05-02,2023-06-24,53
EMP00778,2024-04-23,2024-05-27,34
EMP00778,2025-03-13,2025-04-23,41
EMP00778,2025-09-27,2025-11-14,48
EMP00778,2026-05-26,2026-06-23,28
EMP00779,2016-11-27,2016-12-01,4
EMP00779,2022-01-31,2022-02-12,12
EMP00779,2024-06-18,2024-07-15,27
EMP00781,2014-10-15,2014-11-30,46
EMP00781,2015-08-04,2015-10-02,59
EMP00781,2016-07-28,2016-09-25,59
EMP00781,2016-11-26,2017-02-05,71
EMP00781,2017-08-28,2017-11-10,74
EMP00781,2019-01-27,2019-03-17,49
EMP00781,2022-05-18,2022-07-14,57
EMP00781,2024-03-02,2024-05-16,75
EMP00781,2025-06-04,2025-08-27,84
EMP00781,2026-03-04,2026-04-21,48
EMP00783,2020-03-27,2020-04-26,30
EMP00783,2022-08-18,2022-09-08,21
EMP00783,2023-01-04,2023-02-14,41
EMP00783,2025-01-14,2025-02-12,29
EMP00783,2025-08-22,2025-10-05,44
EMP00784,2023-04-26,2023-05-16,20
EMP00784,2023-08-09,2023-09-09,31
EMP00784,2025-08-27,2025-10-11,45
EMP00784,2025-12-17,2026-02-05,50
EMP00785,2015-05-19,2015-07-02,44
EMP00785,2016-03-07,2016-04-05,29
EMP00785,2017-02-24,2017-03-28,32
EMP00785,2017-09-30,2017-10-31,31
EMP00785,2019-08-28,2019-10-07,40
EMP00785,2020-03-11,2020-04-25,45
EMP00785,2020-09-01,2020-09-11,10
EMP00785,2022-01-17,2022-02-20,34
EMP00785,2022-11-20,2023-01-13,54
EMP00785,2025-01-02,2025-01-20,18
EMP00786,2013-05-03,2013-06-03,31
EMP00786,2013-08-12,2013-09-29,48
EMP00786,2013-12-03,2014-01-20,48
EMP00786,2014-09-09,2014-10-31,52
EMP00786,2015-03-25,2015-05-12,48
EMP00786,2016-10-17,2016-12-18,62
EMP00786,2017-05-13,2017-07-04,52
EMP00786,2018-05-30,2018-07-06,37
EMP00786,2019-03-14,2019-05-19,66
EMP00786,2020-10-04,2020-12-07,64
EMP00786,2023-02-28,2023-05-20,81
EMP00786,2024-06-27,2024-08-18,52
EMP00786,2025-04-13,2025-05-17,34
EMP00786,2025-07-31,2025-09-26,57
EMP00786,2026-02-24,2026-04-12,47
EMP00787,2022-06-03,2022-06-19,16
EMP00787,2023-10-27,2023-12-18,52
EMP00787,2025-12-23,2026-02-12,51
EMP00789,2022-12-09,2023-02-01,54
EMP00789,2023-04-09,2023-05-02,23
EMP00789,2023-07-01,2023-08-10,40
EMP00789,2025-06-14,2025-07-18,34
EMP00790,2025-08-16,2025-09-14,29
EMP00790,2026-03-01,2026-03-26,25
EMP00791,2020-06-25,2020-07-17,22
EMP00791,2022-11-07,2022-11-23,16
EMP00791,2024-07-31,2024-09-23,54
EMP00791,2025-09-09,2025-09-15,6
EMP00791,2026-05-01,2026-07-14,74
EMP00792,2021-02-16,2021-03-22,34
EMP00792,2021-06-10,2021-07-22,42
EMP00792,2022-02-01,2022-02-16,15
EMP00792,2022-05-06,2022-06-23,48
EMP00792,2022-10-13,2022-11-07,25
EMP00792,2025-01-12,2025-02-20,39
EMP00793,2017-03-03,2017-04-16,44
EMP00793,2017-12-10,2018-01-09,30
EMP00793,2018-06-09,2018-07-27,48
EMP00793,2019-03-03,2019-03-24,21
EMP00793,2021-02-27,2021-03-24,25
EMP00793,2025-12-13,2026-01-20,38
EMP00794,2013-05-14,2013-05-18,4
EMP00794,2014-05-05,2014-06-04,30
EMP00794,2015-11-11,2015-11-18,7
EMP00794,2018-08-23,2018-09-03,11
EMP00794,2021-06-01,2021-06-14,13
EMP00794,2022-03-22,2022-03-28,6
EMP00795,2024-10-16,2024-10-20,4
EMP00796,2020-02-24,2020-03-18,23
EMP00796,2020-06-08,2020-07-12,34
EMP00796,2021-03-23,2021-04-09,17
EMP00796,2023-12-04,2024-01-05,32
EMP00796,2024-12-19,2025-02-06,49
EMP00796,2025-09-19,2025-10-12,23
EMP00796,2026-03-01,2026-04-12,42
EMP00797,2011-08-30,2011-09-10,11
EMP00797,2012-10-01,2012-10-13,12
EMP00797,2015-04-16,2015-04-27,11
EMP00797,2018-11-07,2018-12-02,25
EMP00797,2022-07-15,2022-08-16,32
EMP00797,2026-01-22,2026-02-20,29
EMP00798,2022-11-24,2023-01-07,44
EMP00798,2023-09-06,2023-10-09,33
EMP00798,2024-05-06,2024-06-19,44
EMP00798,2024-11-20,2024-12-23,33
EMP00798,2025-05-14,2025-08-05,83
EMP00799,2016-10-12,2016-11-30,49
EMP00799,2018-11-10,2018-11-23,13
EMP00800,2021-10-06,2021-12-05,60
EMP00800,2022-04-02,2022-05-12,40
EMP00800,2025-01-01,2025-02-07,37
EMP00800,2025-04-23,2025-05-20,27
