employee_id,assignment_id,snapshot_date,utilization_pct,days_remaining_in_project,experience_years,experience_band,tenure_at_company_days,historical_bench_count,historical_bench_days_total,skill_demand_score,skill_profile
EMP00001,ASG000012,2026-06-16,70,2,4,Mid,1672,1,25,70.3,modern
EMP00002,ASG000017,2026-05-15,88,34,1,Junior,674,1,4,85.0,modern
EMP00003,ASG000040,2026-05-07,75,42,9,Senior,3430,3,56,72.0,modern
EMP00004,ASG000053,2026-06-06,85,12,4,Mid,1754,1,25,67.5,modern
EMP00005,ASG000069,2026-04-27,99,45,7,Senior,2555,4,156,60.0,modern
EMP00006,ASG000076,2026-05-29,87,20,2,Junior,915,0,0,85.3,balanced
EMP00007,ASG000086,2026-06-16,76,2,4,Mid,1648,2,43,68.5,balanced
EMP00008,ASG000103,2026-05-11,93,38,9,Senior,3436,3,90,53.4,balanced
EMP00009,ASG000111,2026-05-26,92,23,3,Mid,1112,1,4,75.0,modern
EMP00010,ASG000119,2026-05-28,88,21,3,Mid,1136,2,48,66.7,modern
EMP00011,ASG000140,2026-05-05,89,44,9,Senior,3268,7,353,47.5,balanced
EMP00012,ASG000162,2026-05-11,82,38,10,Senior,3838,0,0,74.4,modern
EMP00013,ASG000166,2026-05-29,84,20,1,Junior,627,1,22,55.0,legacy
EMP00014,ASG000181,2026-06-08,94,10,5,Mid,2036,3,64,68.0,modern
EMP00015,ASG000186,2026-05-14,81,35,2,Junior,854,2,101,51.0,balanced
EMP00016,ASG000199,2026-04-29,81,32,6,Mid,2183,4,182,51.0,modern
EMP00017,ASG000212,2026-05-17,85,32,4,Mid,1710,3,51,66.0,balanced
EMP00018,ASG000221,2026-05-09,82,40,4,Mid,1584,4,176,45.0,legacy
EMP00019,ASG000239,2026-05-13,100,36,7,Senior,2570,4,101,64.0,modern
EMP00020,ASG000247,2026-05-25,99,24,3,Mid,1294,0,0,76.4,balanced
EMP00021,ASG000270,2026-05-06,80,43,10,Senior,3861,7,191,65.3,balanced
EMP00022,ASG000289,2026-05-30,93,19,9,Senior,3389,6,245,56.8,balanced
EMP00023,ASG000302,2026-06-03,73,15,5,Mid,1956,5,261,47.7,legacy
EMP00024,ASG000310,2026-06-17,96,1,3,Mid,1244,1,31,75.2,modern
EMP00025,ASG000323,2026-05-28,93,21,5,Mid,2107,0,0,72.5,modern
EMP00026,ASG000355,2026-04-20,95,38,15,Senior,5567,11,604,44.5,legacy
EMP00027,ASG000367,2026-05-19,90,30,4,Mid,1769,4,48,75.7,balanced
EMP00028,ASG000379,2026-05-27,93,22,6,Mid,2330,6,323,41.2,legacy
EMP00029,ASG000396,2026-05-19,85,30,7,Senior,2659,1,4,85.0,modern
EMP00030,ASG000414,2026-05-18,74,31,8,Senior,3118,3,73,57.5,balanced
EMP00031,ASG000424,2026-05-25,77,24,4,Mid,1752,6,337,38.2,legacy
EMP00032,ASG000436,2026-05-15,93,34,5,Mid,2023,4,149,55.0,legacy
EMP00033,ASG000464,2026-05-30,87,19,12,Senior,4521,9,301,58.8,balanced
EMP00034,ASG000472,2026-05-31,77,18,3,Mid,1364,2,76,55.8,balanced
EMP00035,ASG000493,2026-05-15,73,34,7,Senior,2767,2,50,67.2,modern
EMP00036,ASG000502,2026-05-28,99,21,4,Mid,1580,2,133,43.5,legacy
EMP00037,ASG000525,2026-05-07,100,42,10,Senior,3757,2,48,73.3,modern
EMP00038,ASG000541,2026-05-10,94,39,6,Mid,2414,0,0,83.0,modern
EMP00039,ASG000558,2026-05-13,86,36,8,Senior,3191,3,87,55.8,balanced
EMP00040,ASG000564,2026-05-10,84,39,2,Junior,782,3,99,65.7,balanced
EMP00041,ASG000587,2026-05-16,73,33,8,Senior,2887,2,66,70.0,modern
EMP00042,ASG000596,2026-05-28,91,21,4,Mid,1630,4,96,68.0,modern
EMP00043,ASG000606,2026-05-17,100,32,5,Mid,2077,2,9,80.2,balanced
EMP00044,ASG000610,2026-05-30,83,19,1,Junior,549,0,0,67.5,modern
EMP00045,ASG000613,2026-06-15,100,3,1,Junior,384,0,0,71.0,balanced
EMP00046,ASG000616,2026-05-08,97,41,1,Junior,419,0,0,61.0,balanced
EMP00047,ASG000637,2026-05-17,95,32,10,Senior,3957,13,654,45.8,balanced
EMP00048,ASG000650,2026-06-01,87,17,6,Mid,2340,4,177,54.5,balanced
EMP00049,ASG000674,2026-05-29,73,20,10,Senior,3893,1,4,85.8,modern
EMP00050,ASG000683,2026-05-12,85,37,4,Mid,1497,0,0,74.5,modern
EMP00051,ASG000705,2026-05-27,71,22,10,Senior,3804,6,221,56.2,legacy
EMP00052,ASG000722,2026-06-02,99,16,8,Senior,3258,7,178,64.2,modern
EMP00053,ASG000725,2026-06-01,84,17,1,Junior,534,1,25,69.0,balanced
EMP00054,ASG000729,2026-05-06,74,43,1,Junior,527,0,0,74.3,modern
EMP00055,ASG000743,2026-05-26,90,23,7,Senior,2570,4,93,64.2,balanced
EMP00056,ASG000747,2026-05-23,89,26,1,Junior,559,2,25,62.7,legacy
EMP00057,ASG000754,2026-05-07,89,42,3,Mid,1220,4,191,44.2,legacy
EMP00058,ASG000757,2026-05-31,100,18,1,Junior,482,1,45,52.0,legacy
EMP00059,ASG000768,2026-05-18,75,31,4,Mid,1720,3,123,54.0,legacy
EMP00060,ASG000777,2026-06-03,78,15,4,Mid,1617,2,79,60.6,balanced
EMP00061,ASG000781,2026-05-17,88,32,1,Junior,680,1,38,28.3,balanced
EMP00062,ASG000815,2026-05-20,86,29,15,Senior,5748,10,370,60.7,balanced
EMP00063,ASG000838,2026-05-18,77,31,10,Senior,3923,6,144,60.0,legacy
EMP00064,ASG000857,2026-06-02,70,16,7,Senior,2896,7,326,50.2,legacy
EMP00065,ASG000865,2026-05-30,70,19,4,Mid,1618,1,4,81.7,modern
EMP00066,ASG000872,2026-05-25,81,24,3,Mid,1282,5,288,38.0,legacy
EMP00067,ASG000888,2026-05-11,94,38,6,Mid,2348,1,24,71.3,modern
EMP00068,ASG000902,2026-05-28,70,21,6,Mid,2233,3,67,67.0,modern
EMP00069,ASG000915,2026-05-21,84,28,5,Mid,1894,3,102,57.0,modern
EMP00070,ASG000920,2026-05-07,86,42,1,Junior,519,0,0,56.5,modern
EMP00071,ASG000950,2026-06-01,73,17,15,Senior,5458,11,448,50.0,legacy
EMP00072,ASG000974,2026-05-07,98,42,12,Senior,4376,3,85,67.0,modern
EMP00073,ASG000988,2026-06-15,80,3,7,Senior,2663,7,298,55.2,balanced
EMP00074,ASG001000,2026-05-22,91,23,5,Mid,2091,1,23,65.0,legacy
EMP00075,ASG001015,2026-05-09,78,40,6,Mid,2484,3,113,59.8,balanced
EMP00076,ASG001025,2026-05-24,92,25,4,Mid,1774,7,372,41.0,balanced
EMP00077,ASG001033,2026-05-05,93,33,4,Mid,1526,0,0,69.2,balanced
EMP00078,ASG001039,2026-05-23,83,26,2,Junior,1063,2,97,49.0,balanced
EMP00079,ASG001055,2026-05-27,71,22,7,Senior,2809,10,483,52.0,legacy
EMP00080,ASG001061,2026-05-31,83,18,2,Junior,757,1,4,82.3,modern
EMP00081,ASG001071,2026-06-01,100,17,4,Mid,1498,1,9,79.5,modern
EMP00082,ASG001095,2026-05-27,83,22,10,Senior,3683,5,126,67.0,balanced
EMP00083,ASG001106,2026-05-12,86,37,5,Mid,1794,5,175,58.8,legacy
EMP00084,ASG001125,2026-05-12,87,37,7,Senior,2719,2,15,72.5,balanced
EMP00085,ASG001140,2026-06-02,93,16,6,Mid,2385,3,103,63.3,modern
EMP00086,ASG001153,2026-06-10,78,8,5,Mid,2080,5,202,46.2,legacy
EMP00087,ASG001171,2026-06-14,95,4,6,Mid,2414,5,145,66.0,balanced
EMP00088,ASG001201,2026-05-18,100,31,12,Senior,4659,2,22,87.0,modern
EMP00089,ASG001220,2026-05-05,79,44,9,Senior,3302,7,243,59.2,balanced
EMP00090,ASG001247,2026-06-15,83,3,12,Senior,4516,12,557,47.7,balanced
EMP00091,ASG001251,2026-06-02,85,16,1,Junior,681,1,27,51.3,legacy
EMP00092,ASG001264,2026-06-02,87,16,5,Mid,1976,5,122,66.7,balanced
EMP00093,ASG001286,2026-06-10,95,8,9,Senior,3370,1,4,80.8,modern
EMP00094,ASG001289,2026-05-12,89,37,1,Junior,464,1,13,62.5,legacy
EMP00095,ASG001296,2026-05-11,93,38,2,Junior,1011,1,7,66.0,modern
EMP00096,ASG001313,2026-05-24,79,25,8,Senior,3131,6,301,45.7,legacy
EMP00097,ASG001327,2026-06-03,71,15,6,Mid,2317,5,225,32.0,legacy
EMP00098,ASG001340,2026-05-11,90,38,6,Mid,2190,7,356,30.0,legacy
EMP00099,ASG001344,2026-05-08,74,41,1,Junior,434,0,0,73.3,modern
EMP00100,ASG001357,2026-05-20,81,29,6,Mid,2449,5,205,54.0,legacy
EMP00101,ASG001360,2026-05-05,87,44,1,Junior,479,1,43,60.0,balanced
EMP00102,ASG001369,2026-05-19,75,30,4,Mid,1476,1,5,76.7,modern
EMP00103,ASG001381,2026-05-31,71,18,4,Mid,1740,4,195,37.7,balanced
EMP00104,ASG001396,2026-05-31,88,18,6,Mid,2275,7,365,42.6,legacy
EMP00105,ASG001409,2026-05-29,85,20,5,Mid,2128,1,9,71.0,modern
EMP00106,ASG001429,2026-05-15,70,34,9,Senior,3279,2,54,67.0,balanced
EMP00107,ASG001433,2026-06-13,76,5,1,Junior,705,1,46,53.0,legacy
EMP00108,ASG001455,2026-05-13,80,36,9,Senior,3450,7,306,43.6,legacy
EMP00109,ASG001474,2026-05-15,95,34,9,Senior,3460,1,37,65.0,balanced
EMP00110,ASG001485,2026-05-06,82,43,5,Mid,1979,0,0,77.2,balanced
EMP00111,ASG001487,2026-05-26,71,23,1,Junior,497,1,38,45.0,balanced
EMP00112,ASG001493,2026-05-27,90,22,2,Junior,825,1,26,71.0,modern
EMP00113,ASG001516,2026-05-06,84,43,10,Senior,3638,7,280,53.8,legacy
EMP00114,ASG001527,2026-05-23,85,26,5,Mid,1876,1,22,78.3,modern
EMP00115,ASG001545,2026-05-18,99,31,7,Senior,2882,4,113,63.6,balanced
EMP00116,ASG001562,2026-05-25,92,24,8,Senior,3244,3,62,77.6,modern
EMP00117,ASG001573,2026-05-17,96,32,4,Mid,1481,0,0,86.0,modern
EMP00118,ASG001580,2026-05-30,70,19,3,Mid,1171,0,0,83.7,modern
EMP00119,ASG001609,2026-05-27,83,22,15,Senior,5459,17,880,40.6,legacy
EMP00120,ASG001624,2026-05-10,82,39,6,Mid,2338,0,0,83.3,modern
EMP00121,ASG001637,2026-05-17,80,32,7,Senior,2542,8,402,38.2,legacy
EMP00122,ASG001651,2026-05-19,78,30,6,Mid,2523,4,169,45.8,legacy
EMP00123,ASG001657,2026-06-02,74,16,2,Junior,828,0,0,66.7,balanced
EMP00124,ASG001669,2026-05-15,70,34,5,Mid,2025,4,89,67.0,balanced
EMP00125,ASG001680,2026-06-01,86,17,4,Mid,1783,2,30,76.8,balanced
EMP00126,ASG001703,2026-06-03,82,15,9,Senior,3631,1,15,73.8,modern
EMP00127,ASG001708,2026-05-29,93,20,2,Junior,977,3,129,50.0,legacy
EMP00128,ASG001724,2026-05-26,76,23,6,Mid,2288,1,21,69.3,modern
EMP00129,ASG001734,2026-05-25,89,24,4,Mid,1584,1,9,76.5,modern
EMP00130,ASG001753,2026-05-17,88,32,9,Senior,3321,5,252,49.0,balanced
EMP00131,ASG001768,2026-05-29,90,20,5,Mid,2169,2,15,80.0,modern
EMP00132,ASG001773,2026-05-04,80,45,2,Junior,701,2,47,82.5,legacy
EMP00133,ASG001785,2026-06-11,84,7,4,Mid,1681,5,149,61.0,balanced
EMP00134,ASG001789,2026-06-06,84,12,1,Junior,396,2,55,72.5,modern
EMP00135,ASG001812,2026-06-16,80,2,9,Senior,3498,3,28,72.0,modern
EMP00136,ASG001831,2026-05-26,98,23,8,Senior,3261,4,187,50.3,legacy
EMP00137,ASG001846,2026-06-03,92,15,7,Senior,2546,2,37,67.0,balanced
EMP00138,ASG001852,2026-05-16,81,33,3,Mid,1164,2,89,55.0,balanced
EMP00139,ASG001855,2026-04-12,90,40,1,Junior,428,0,0,61.5,balanced
EMP00140,ASG001869,2026-06-07,89,11,7,Senior,2559,3,84,59.0,balanced
EMP00141,ASG001879,2026-05-08,93,41,4,Mid,1692,1,45,73.8,balanced
EMP00142,ASG001908,2026-05-22,90,27,12,Senior,4711,3,41,80.2,modern
EMP00143,ASG001920,2026-05-21,83,28,5,Mid,2120,1,12,84.3,modern
EMP00144,ASG001938,2026-06-01,91,17,7,Senior,2881,1,27,75.0,modern
EMP00145,ASG001945,2026-05-31,81,18,2,Junior,909,1,24,66.0,legacy
EMP00146,ASG001977,2026-05-14,97,35,15,Senior,5682,10,428,50.5,legacy
EMP00147,ASG001989,2026-05-12,91,37,5,Mid,1792,0,0,71.8,modern
EMP00148,ASG001993,2026-06-03,82,15,1,Junior,590,0,0,68.5,modern
EMP00149,ASG001998,2026-05-31,94,18,2,Junior,938,1,66,55.7,balanced
EMP00150,ASG002004,2026-05-26,97,23,2,Junior,973,0,0,65.0,balanced
EMP00151,ASG002025,2026-05-24,70,25,10,Senior,3850,8,233,64.2,modern
EMP00152,ASG002038,2026-05-22,79,27,4,Mid,1716,1,16,75.4,modern
EMP00153,ASG002041,2026-05-10,80,39,1,Junior,440,0,0,51.5,modern
EMP00154,ASG002063,2026-05-20,84,29,9,Senior,3559,4,111,60.6,balanced
EMP00155,ASG002080,2026-04-30,75,34,7,Senior,2754,7,243,62.2,modern
EMP00156,ASG002083,2026-05-22,83,27,1,Junior,376,1,34,74.0,modern
EMP00157,ASG002088,2026-06-10,82,8,2,Junior,734,1,46,60.0,balanced
EMP00158,ASG002103,2026-06-02,82,16,6,Mid,2538,0,0,84.3,balanced
EMP00159,ASG002125,2026-05-07,89,42,8,Senior,3155,4,80,72.2,modern
EMP00160,ASG002153,2026-05-28,98,21,12,Senior,4478,5,162,55.8,legacy
EMP00161,ASG002155,2026-05-05,79,44,1,Junior,327,1,70,41.0,legacy
EMP00162,ASG002157,2026-05-09,94,40,1,Junior,382,0,0,67.5,modern
EMP00163,ASG002162,2026-05-24,78,25,1,Junior,624,1,14,71.7,modern
EMP00164,ASG002177,2026-06-02,71,16,7,Senior,2559,4,93,65.6,legacy
EMP00165,ASG002198,2026-05-10,99,39,10,Senior,3625,4,134,60.0,balanced
EMP00166,ASG002218,2026-05-21,70,28,8,Senior,3036,1,32,63.8,modern
EMP00167,ASG002222,2026-05-05,92,44,1,Junior,501,1,51,50.0,legacy
EMP00168,ASG002246,2026-06-12,98,6,12,Senior,4539,9,360,59.8,balanced
EMP00169,ASG002251,2026-05-21,78,28,2,Junior,765,1,20,70.7,modern
EMP00170,ASG002260,2026-06-03,75,15,4,Mid,1476,1,30,72.7,modern
EMP00171,ASG002276,2026-05-09,91,40,7,Senior,2590,2,36,61.5,legacy
EMP00172,ASG002308,2026-05-26,89,23,15,Senior,5740,9,333,57.0,balanced
EMP00173,ASG002332,2026-05-31,93,18,10,Senior,3774,0,0,79.6,modern
EMP00174,ASG002337,2026-05-18,83,31,2,Junior,821,1,4,71.5,balanced
EMP00175,ASG002341,2026-05-13,96,36,1,Junior,656,1,51,61.7,balanced
EMP00176,ASG002356,2026-05-18,76,31,7,Senior,2526,3,180,39.4,legacy
EMP00177,ASG002358,2026-05-29,74,20,1,Junior,369,0,0,85.3,balanced
EMP00178,ASG002381,2026-05-28,73,21,10,Senior,3928,6,132,67.2,modern
EMP00179,ASG002394,2026-06-02,81,16,5,Mid,2051,5,68,71.2,balanced
EMP00180,ASG002413,2026-05-09,77,40,7,Senior,2538,4,57,65.0,balanced
EMP00181,ASG002422,2026-05-17,98,32,4,Mid,1544,2,96,54.5,legacy
EMP00182,ASG002433,2026-05-16,81,33,4,Mid,1551,6,296,47.5,balanced
EMP00183,ASG002439,2026-05-15,98,34,2,Junior,977,1,54,61.5,balanced
EMP00184,ASG002457,2026-06-03,83,15,7,Senior,2857,2,61,67.6,modern
EMP00185,ASG002461,2026-06-02,98,16,1,Junior,478,1,19,63.5,balanced
EMP00186,ASG002466,2026-05-11,77,38,1,Junior,555,0,0,62.5,balanced
EMP00187,ASG002470,2026-05-11,93,38,1,Junior,629,1,30,61.0,legacy
EMP00188,ASG002478,2026-06-16,96,2,2,Junior,1077,1,10,80.7,modern
EMP00189,ASG002484,2026-05-29,87,20,2,Junior,773,0,0,67.5,modern
EMP00190,ASG002491,2026-05-24,96,25,3,Mid,1189,4,124,59.0,balanced
EMP00191,ASG002510,2026-05-04,89,45,9,Senior,3524,2,87,60.0,legacy
EMP00192,ASG002528,2026-06-02,73,16,7,Senior,2754,5,93,68.7,balanced
EMP00193,ASG002547,2026-05-09,77,40,7,Senior,2854,8,382,39.0,legacy
EMP00194,ASG002553,2026-05-28,97,21,2,Junior,837,1,22,71.0,modern
EMP00195,ASG002571,2026-06-03,77,15,8,Senior,3122,5,204,51.5,balanced
EMP00196,ASG002581,2026-06-03,93,15,4,Mid,1772,2,70,57.0,balanced
EMP00197,ASG002600,2026-05-23,86,26,9,Senior,3478,9,435,43.2,balanced
EMP00198,ASG002605,2026-05-29,99,20,2,Junior,782,1,36,48.7,modern
EMP00199,ASG002608,2026-05-28,81,21,1,Junior,475,1,40,59.0,balanced
EMP00200,ASG002620,2026-05-29,90,20,7,Senior,2599,8,398,39.6,legacy
EMP00201,ASG002633,2026-05-29,91,20,4,Mid,1706,0,0,67.0,balanced
EMP00202,ASG002646,2026-05-13,92,19,6,Mid,2270,2,47,47.2,balanced
EMP00203,ASG002669,2026-05-29,80,20,9,Senior,3590,5,137,60.5,balanced
EMP00204,ASG002686,2026-05-04,97,45,8,Senior,2925,3,104,52.2,balanced
EMP00205,ASG002689,2026-05-27,94,22,1,Junior,394,1,4,82.5,balanced
EMP00206,ASG002702,2026-05-16,83,33,7,Senior,2598,7,395,37.5,legacy
EMP00207,ASG002712,2026-05-29,97,20,4,Mid,1598,1,33,63.7,balanced
EMP00208,ASG002729,2026-05-30,97,19,7,Senior,2707,1,18,60.8,balanced
EMP00209,ASG002733,2026-05-31,85,18,1,Junior,566,0,0,78.3,modern
EMP00210,ASG002739,2026-05-13,80,36,2,Junior,863,0,0,75.0,balanced
EMP00211,ASG002761,2026-05-17,79,32,10,Senior,3819,1,24,72.8,modern
EMP00212,ASG002782,2026-05-22,92,27,9,Senior,3407,5,193,59.2,balanced
EMP00213,ASG002785,2026-05-22,75,27,1,Junior,415,0,0,79.0,modern
EMP00214,ASG002800,2026-05-19,95,30,6,Mid,2482,1,35,56.0,balanced
EMP00215,ASG002808,2026-05-20,95,29,4,Mid,1449,3,80,56.0,balanced
EMP00216,ASG002821,2026-05-14,81,35,6,Mid,2290,2,19,74.2,balanced
EMP00217,ASG002830,2026-05-07,99,42,4,Mid,1566,3,36,69.5,balanced
EMP00218,ASG002839,2026-05-20,89,29,3,Mid,1237,2,30,77.8,balanced
EMP00219,ASG002855,2026-06-10,91,8,7,Senior,2879,5,231,48.2,legacy
EMP00220,ASG002869,2026-05-21,83,28,6,Mid,2297,0,0,75.6,modern
EMP00221,ASG002893,2026-05-05,81,44,9,Senior,3361,4,82,66.4,modern
EMP00222,ASG002912,2026-05-16,70,32,7,Senior,2663,1,23,63.2,modern
EMP00223,ASG002916,2026-05-24,94,25,1,Junior,588,0,0,84.0,modern
EMP00224,ASG002929,2026-05-13,98,36,5,Mid,1931,3,129,54.8,legacy
EMP00225,ASG002960,2026-06-15,81,3,15,Senior,5629,9,343,54.2,balanced
EMP00226,ASG002983,2026-05-26,82,23,10,Senior,3973,3,19,77.0,balanced
EMP00227,ASG002999,2026-05-27,92,22,7,Senior,2853,6,349,40.0,legacy
EMP00228,ASG003011,2026-05-14,82,35,6,Mid,2179,4,193,43.5,legacy
EMP00229,ASG003016,2026-05-22,99,27,2,Junior,843,2,42,53.5,balanced
EMP00230,ASG003042,2026-05-04,81,45,12,Senior,4339,3,45,69.6,modern
EMP00231,ASG003064,2026-05-08,78,41,8,Senior,2977,1,4,72.6,modern
EMP00232,ASG003068,2026-05-11,88,38,1,Junior,586,1,17,84.3,modern
EMP00233,ASG003083,2026-05-19,74,30,6,Mid,2390,0,0,84.3,modern
EMP00234,ASG003100,2026-05-26,85,23,8,Senior,3125,7,317,42.0,legacy
EMP00235,ASG003110,2026-06-06,77,12,4,Mid,1526,0,0,82.7,modern
EMP00236,ASG003127,2026-05-25,80,24,6,Mid,2338,1,27,74.0,modern
EMP00237,ASG003131,2026-06-02,85,16,1,Junior,656,0,0,73.5,modern
EMP00238,ASG003139,2026-06-02,100,16,3,Mid,1310,2,50,62.3,balanced
EMP00239,ASG003159,2026-05-17,72,32,9,Senior,3269,6,228,53.0,balanced
EMP00240,ASG003176,2026-05-25,88,24,7,Senior,2762,4,71,69.5,balanced
EMP00241,ASG003186,2026-05-07,80,42,5,Mid,1851,3,82,62.0,balanced
EMP00242,ASG003203,2026-05-16,72,33,8,Senior,3038,6,235,55.8,balanced
EMP00243,ASG003205,2026-05-19,73,30,1,Junior,362,0,0,63.3,balanced
EMP00244,ASG003214,2026-05-04,78,45,3,Mid,1269,1,4,77.5,modern
EMP00245,ASG003241,2026-06-01,91,17,10,Senior,3849,6,146,70.0,legacy
EMP00246,ASG003252,2026-05-21,86,28,5,Mid,2065,3,138,52.8,legacy
EMP00247,ASG003266,2026-05-25,85,24,6,Mid,2318,2,48,70.6,balanced
EMP00248,ASG003277,2026-05-10,75,39,4,Mid,1708,0,0,70.2,balanced
EMP00249,ASG003289,2026-05-06,99,43,5,Mid,2049,5,199,56.0,balanced
EMP00250,ASG003315,2026-05-31,73,18,12,Senior,4585,9,241,57.8,balanced
EMP00251,ASG003320,2026-05-14,85,35,2,Junior,952,1,39,43.3,legacy
EMP00252,ASG003326,2026-05-31,96,18,2,Junior,799,0,0,63.5,modern
EMP00253,ASG003333,2026-05-30,100,19,3,Mid,1105,1,46,63.0,balanced
EMP00254,ASG003354,2026-04-06,75,19,10,Senior,3680,9,493,44.2,legacy
EMP00255,ASG003360,2026-05-10,83,39,2,Junior,921,2,109,43.3,legacy
EMP00256,ASG003372,2026-05-25,88,24,6,Mid,2219,5,214,55.5,balanced
EMP00257,ASG003394,2026-05-27,90,22,9,Senior,3363,3,70,67.0,modern
EMP00258,ASG003399,2026-05-16,83,33,2,Junior,923,1,48,40.0,balanced
EMP00259,ASG003405,2026-06-14,70,4,2,Junior,985,3,158,51.0,balanced
EMP00260,ASG003410,2026-05-05,95,44,2,Junior,699,2,16,70.0,modern
EMP00261,ASG003427,2026-04-12,73,29,8,Senior,3011,6,298,44.5,balanced
EMP00262,ASG003430,2026-05-08,91,41,1,Junior,432,0,0,89.0,balanced
EMP00263,ASG003451,2026-05-04,74,45,8,Senior,3057,3,62,67.4,balanced
EMP00264,ASG003458,2026-05-11,74,38,2,Junior,1004,3,105,62.5,modern
EMP00265,ASG003484,2026-05-31,74,18,12,Senior,4408,2,47,75.0,modern
EMP00266,ASG003504,2026-05-30,96,19,9,Senior,3615,4,170,57.5,balanced
EMP00267,ASG003523,2026-04-30,75,40,9,Senior,3304,3,132,59.0,balanced
EMP00268,ASG003542,2026-06-02,97,16,9,Senior,3394,8,400,42.0,balanced
EMP00269,ASG003560,2026-05-09,81,40,8,Senior,2936,2,30,75.8,legacy
EMP00270,ASG003578,2026-05-10,100,39,8,Senior,3100,3,80,59.5,legacy
EMP00271,ASG003597,2026-05-10,71,39,8,Senior,3064,2,14,73.8,modern
EMP00272,ASG003599,2026-05-18,76,31,1,Junior,340,1,66,38.3,legacy
EMP00273,ASG003602,2026-05-06,92,43,1,Junior,464,1,36,61.0,modern
EMP00274,ASG003626,2026-05-19,84,30,10,Senior,3701,5,84,68.2,modern
EMP00275,ASG003634,2026-06-02,83,16,2,Junior,1058,1,22,73.5,modern
EMP00276,ASG003658,2026-05-18,87,31,12,Senior,4434,3,12,80.2,modern
EMP00277,ASG003671,2026-05-18,90,31,6,Mid,2244,4,182,36.0,legacy
EMP00278,ASG003681,2026-06-01,92,17,5,Mid,1873,3,108,57.8,modern
EMP00279,ASG003684,2026-05-08,95,41,1,Junior,617,1,26,57.7,balanced
EMP00280,ASG003701,2026-05-21,70,28,9,Senior,3324,8,453,36.4,legacy
EMP00281,ASG003721,2026-05-21,100,28,8,Senior,3059,2,24,77.8,modern
EMP00282,ASG003757,2026-05-21,99,28,15,Senior,5673,3,84,72.4,balanced
EMP00283,ASG003761,2026-06-15,82,3,1,Junior,628,0,0,73.3,balanced
EMP00284,ASG003768,2026-05-26,71,23,2,Junior,778,1,6,75.0,modern
EMP00285,ASG003791,2026-05-25,72,24,9,Senior,3543,4,87,67.8,modern
EMP00286,ASG003798,2026-06-01,96,17,3,Mid,1184,1,21,68.8,modern
EMP00287,ASG003806,2026-05-27,97,22,3,Mid,1088,1,31,62.5,balanced
EMP00288,ASG003841,2026-06-14,74,4,15,Senior,5693,13,566,52.5,legacy
EMP00289,ASG003857,2026-05-25,88,24,7,Senior,2795,2,55,70.3,balanced
EMP00290,ASG003878,2026-05-18,70,31,9,Senior,3469,5,162,56.8,modern
EMP00291,ASG003891,2026-06-03,96,15,5,Mid,1972,1,31,59.0,legacy
EMP00292,ASG003897,2026-05-21,74,28,2,Junior,980,0,0,72.5,balanced
EMP00293,ASG003912,2026-06-16,76,2,6,Mid,2459,4,117,67.0,balanced
EMP00294,ASG003916,2026-05-04,100,45,1,Junior,520,0,0,86.5,balanced
EMP00295,ASG003931,2026-05-29,73,20,7,Senior,2725,7,331,45.5,legacy
EMP00296,ASG003933,2026-05-08,87,41,1,Junior,362,1,35,59.0,modern
EMP00297,ASG003952,2026-05-28,79,21,9,Senior,3617,5,159,63.8,legacy
EMP00298,ASG003963,2026-06-10,97,8,4,Mid,1535,1,27,77.0,modern
EMP00299,ASG003967,2026-05-24,70,25,1,Junior,422,0,0,58.3,balanced
EMP00300,ASG003998,2026-05-22,99,27,15,Senior,5567,6,282,54.2,legacy
EMP00301,ASG004017,2026-05-13,89,36,7,Senior,2827,9,188,67.5,modern
EMP00302,ASG004026,2026-05-22,75,27,3,Mid,1187,3,46,66.6,balanced
EMP00303,ASG004032,2026-05-20,72,29,2,Junior,968,0,0,60.0,balanced
EMP00304,ASG004045,2026-05-22,98,27,6,Mid,2363,5,214,54.2,legacy
EMP00305,ASG004068,2026-04-23,97,38,10,Senior,3954,8,518,38.0,legacy
EMP00306,ASG004075,2026-05-26,83,23,3,Mid,1250,0,0,64.7,modern
EMP00307,ASG004081,2026-05-27,86,22,2,Junior,774,0,0,80.5,modern
EMP00308,ASG004097,2026-06-03,93,15,7,Senior,2749,2,55,62.0,modern
EMP00309,ASG004110,2026-05-05,99,44,4,Mid,1656,3,56,76.2,modern
EMP00310,ASG004127,2026-05-25,82,24,6,Mid,2467,1,7,78.0,balanced
EMP00311,ASG004130,2026-05-17,86,32,1,Junior,524,1,41,76.7,modern
EMP00312,ASG004141,2026-05-09,84,40,5,Mid,1823,1,30,59.8,modern
EMP00313,ASG004153,2026-06-01,91,17,5,Mid,1916,4,114,59.0,modern
EMP00314,ASG004168,2026-05-23,75,26,6,Mid,2510,4,97,64.7,legacy
EMP00315,ASG004172,2026-05-07,94,42,1,Junior,646,1,4,76.7,modern
EMP00316,ASG004182,2026-06-11,74,7,4,Mid,1695,2,12,65.4,balanced
EMP00317,ASG004189,2026-05-22,78,27,3,Mid,1268,3,126,59.4,balanced
EMP00318,ASG004203,2026-06-02,70,16,6,Mid,2441,3,32,78.0,balanced
EMP00319,ASG004210,2026-06-01,97,17,3,Mid,1204,2,61,61.0,modern
EMP00320,ASG004217,2026-05-16,100,33,3,Mid,1183,3,132,54.0,legacy
EMP00321,ASG004231,2026-06-10,92,8,6,Mid,2256,4,110,58.0,balanced
EMP00322,ASG004249,2026-05-23,73,26,6,Mid,2170,1,11,78.0,balanced
EMP00323,ASG004254,2026-05-31,93,18,2,Junior,837,1,65,33.0,legacy
EMP00324,ASG004269,2026-05-30,82,19,6,Mid,2374,1,21,68.3,balanced
EMP00325,ASG004282,2026-05-23,79,26,5,Mid,2058,1,18,73.0,balanced
EMP00326,ASG004287,2026-05-24,88,25,1,Junior,654,0,0,87.7,modern
EMP00327,ASG004291,2026-05-31,92,18,2,Junior,881,3,93,55.0,modern
EMP00328,ASG004301,2026-05-11,90,38,4,Mid,1530,4,204,47.8,legacy
EMP00329,ASG004335,2026-05-18,78,31,15,Senior,5485,7,318,55.4,balanced
EMP00330,ASG004359,2026-05-13,100,36,9,Senior,3607,1,4,78.0,modern
EMP00331,ASG004374,2026-05-05,77,44,5,Mid,1919,3,95,61.0,balanced
EMP00332,ASG004382,2026-06-04,94,14,2,Junior,964,2,92,50.0,legacy
EMP00333,ASG004403,2026-05-27,77,22,9,Senior,3379,3,47,77.5,modern
EMP00334,ASG004417,2026-04-26,83,22,6,Mid,2156,7,239,53.2,balanced
EMP00335,ASG004427,2026-05-28,96,21,5,Mid,1986,2,91,49.8,legacy
EMP00336,ASG004438,2026-05-04,70,45,4,Mid,1656,1,44,56.8,balanced
EMP00337,ASG004457,2026-05-08,99,41,8,Senior,3243,8,395,42.0,legacy
EMP00338,ASG004472,2026-05-25,74,24,5,Mid,2125,4,157,50.6,modern
EMP00339,ASG004485,2026-05-25,74,24,5,Mid,2098,4,157,57.0,modern
EMP00340,ASG004500,2026-05-15,76,34,6,Mid,2212,0,0,68.3,balanced
EMP00341,ASG004517,2026-05-22,78,27,9,Senior,3294,7,279,53.3,legacy
EMP00342,ASG004520,2026-05-17,70,32,1,Junior,526,1,21,48.3,legacy
EMP00343,ASG004526,2026-06-01,77,17,1,Junior,705,1,4,80.0,balanced
EMP00344,ASG004533,2026-05-04,91,45,3,Mid,1115,3,97,64.2,balanced
EMP00345,ASG004537,2026-05-10,82,39,1,Junior,647,1,73,45.0,legacy
EMP00346,ASG004540,2026-05-29,75,20,1,Junior,559,0,0,64.0,balanced
EMP00347,ASG004570,2026-05-15,85,34,12,Senior,4614,4,36,71.0,modern
EMP00348,ASG004585,2026-05-08,77,41,6,Mid,2180,5,256,45.0,balanced
EMP00349,ASG004593,2026-05-17,85,32,4,Mid,1480,5,248,42.5,legacy
EMP00350,ASG004616,2026-05-11,86,38,9,Senior,3536,6,138,65.6,balanced
EMP00351,ASG004622,2026-05-05,73,44,2,Junior,926,0,0,78.3,balanced
EMP00352,ASG004635,2026-05-22,74,27,5,Mid,2117,3,103,63.8,balanced
EMP00353,ASG004642,2026-05-15,76,34,3,Mid,1143,2,69,48.8,legacy
EMP00354,ASG004666,2026-06-01,97,17,10,Senior,3867,4,71,78.8,modern
EMP00355,ASG004682,2026-05-14,93,35,7,Senior,2859,1,4,73.2,modern
EMP00356,ASG004701,2026-05-25,89,24,8,Senior,3198,3,41,71.2,modern
EMP00357,ASG004706,2026-03-29,84,41,1,Junior,493,1,29,58.3,balanced
EMP00358,ASG004718,2026-05-26,86,23,5,Mid,2144,5,253,44.2,balanced
EMP00359,ASG004731,2026-05-25,71,24,6,Mid,2314,4,134,53.0,balanced
EMP00360,ASG004747,2026-05-26,97,23,7,Senior,2669,1,29,74.0,modern
EMP00361,ASG004760,2026-06-07,89,11,5,Mid,1951,3,110,61.8,legacy
EMP00362,ASG004763,2026-05-07,98,42,1,Junior,346,1,17,61.0,balanced
EMP00363,ASG004782,2026-06-01,99,17,8,Senior,3077,9,438,36.2,legacy
EMP00364,ASG004789,2026-06-12,72,6,2,Junior,945,1,36,72.7,legacy
EMP00365,ASG004796,2026-05-21,93,28,4,Mid,1438,0,0,80.0,modern
EMP00366,ASG004803,2026-05-17,82,32,3,Mid,1222,2,122,37.8,balanced
EMP00367,ASG004828,2026-06-01,84,17,10,Senior,3789,4,50,75.0,balanced
EMP00368,ASG004834,2026-05-27,70,22,3,Mid,1191,0,0,68.7,balanced
EMP00369,ASG004850,2026-05-23,97,26,8,Senior,2919,5,235,48.6,balanced
EMP00370,ASG004868,2026-05-03,70,30,9,Senior,3287,6,298,55.7,balanced
EMP00371,ASG004894,2026-05-13,95,36,12,Senior,4348,3,69,70.4,modern
EMP00372,ASG004908,2026-05-30,70,19,5,Mid,1820,3,52,68.3,balanced
EMP00373,ASG004914,2026-05-15,94,34,3,Mid,1262,1,16,68.2,balanced
EMP00374,ASG004921,2026-06-14,77,4,2,Junior,960,0,0,84.0,modern
EMP00375,ASG004939,2026-05-10,75,39,7,Senior,2870,5,137,56.5,legacy
EMP00376,ASG004952,2026-05-12,99,37,5,Mid,1941,3,122,48.0,legacy
EMP00377,ASG004956,2026-05-08,74,41,1,Junior,570,1,48,41.7,legacy
EMP00378,ASG004965,2026-05-17,100,32,4,Mid,1614,3,189,38.5,balanced
EMP00379,ASG004995,2026-05-27,77,22,15,Senior,5623,13,591,54.6,legacy
EMP00380,ASG004998,2026-05-07,85,42,1,Junior,423,0,0,59.3,modern
EMP00381,ASG005005,2026-06-11,87,7,3,Mid,1335,1,26,62.0,balanced
EMP00382,ASG005035,2026-05-18,72,31,15,Senior,5649,10,498,45.0,legacy
EMP00383,ASG005050,2026-05-22,94,27,6,Mid,2276,1,31,74.0,modern
EMP00384,ASG005074,2026-05-22,96,27,10,Senior,3976,5,117,66.0,legacy
EMP00385,ASG005088,2026-04-09,99,45,7,Senior,2593,7,396,38.0,legacy
EMP00386,ASG005095,2026-06-02,71,16,3,Mid,1187,0,0,39.2,legacy
EMP00387,ASG005111,2026-05-17,93,32,6,Mid,2428,1,4,80.0,modern
EMP00388,ASG005129,2026-05-13,93,36,10,Senior,3617,11,497,41.8,balanced
EMP00389,ASG005136,2026-05-13,71,36,2,Junior,1058,2,8,81.5,balanced
EMP00390,ASG005141,2026-05-13,93,36,1,Junior,654,1,17,70.0,balanced
EMP00391,ASG005144,2026-05-08,84,41,1,Junior,502,0,0,88.7,modern
EMP00392,ASG005150,2026-06-17,80,1,1,Junior,706,2,96,53.7,legacy
EMP00393,ASG005164,2026-05-28,97,21,6,Mid,2215,3,70,71.2,modern
EMP00394,ASG005185,2026-05-14,87,35,9,Senior,3411,0,0,79.2,modern
EMP00395,ASG005202,2026-06-01,91,17,8,Senior,3013,4,90,67.0,modern
EMP00396,ASG005216,2026-05-04,79,39,7,Senior,2597,2,95,52.5,balanced
EMP00397,ASG005223,2026-06-02,74,16,2,Junior,880,2,68,60.0,balanced
EMP00398,ASG005244,2026-05-05,71,44,10,Senior,3608,1,15,69.5,modern
EMP00399,ASG005248,2026-06-15,100,3,1,Junior,426,2,47,52.5,balanced
EMP00400,ASG005255,2026-05-21,89,28,3,Mid,1144,0,0,75.8,modern
EMP00401,ASG005269,2026-05-24,98,25,7,Senior,2812,7,354,38.6,legacy
EMP00402,ASG005278,2026-06-03,96,15,5,Mid,1852,3,128,54.3,legacy
EMP00403,ASG005301,2026-05-14,93,35,10,Senior,3728,2,24,67.2,modern
EMP00404,ASG005321,2026-05-10,79,39,9,Senior,3250,1,15,73.3,balanced
EMP00405,ASG005339,2026-05-04,74,45,8,Senior,2921,6,183,64.6,balanced
EMP00406,ASG005348,2026-04-30,78,37,4,Mid,1538,5,244,42.7,balanced
EMP00407,ASG005368,2026-05-12,100,37,8,Senior,3084,2,35,67.8,modern
EMP00408,ASG005375,2026-05-18,100,31,2,Junior,917,1,39,62.3,balanced
EMP00409,ASG005391,2026-05-19,86,30,5,Mid,2089,2,45,74.6,modern
EMP00410,ASG005397,2026-05-18,81,31,2,Junior,806,1,36,55.0,legacy
EMP00411,ASG005406,2026-05-05,78,44,4,Mid,1463,3,159,53.2,balanced
EMP00412,ASG005419,2026-05-12,80,37,6,Mid,2231,4,101,61.8,modern
EMP00413,ASG005424,2026-05-26,79,23,2,Junior,804,1,22,55.0,legacy
EMP00414,ASG005435,2026-05-16,84,33,4,Mid,1590,1,26,77.7,balanced
EMP00415,ASG005464,2026-05-07,97,42,12,Senior,4620,12,429,57.0,balanced
EMP00416,ASG005475,2026-05-16,81,33,4,Mid,1674,3,137,47.8,legacy
EMP00417,ASG005481,2026-05-04,82,45,2,Junior,852,0,0,53.0,balanced
EMP00418,ASG005497,2026-05-31,90,18,7,Senior,2605,1,25,68.2,legacy
EMP00419,ASG005501,2026-05-21,88,28,1,Junior,667,0,0,66.7,modern
EMP00420,ASG005515,2026-05-14,85,35,6,Mid,2512,5,213,48.0,legacy
EMP00421,ASG005533,2026-05-17,97,28,8,Senior,3171,7,165,67.5,balanced
EMP00422,ASG005560,2026-06-11,88,7,12,Senior,4560,9,354,54.5,balanced
EMP00423,ASG005584,2026-06-02,83,16,9,Senior,3453,7,151,63.6,balanced
EMP00424,ASG005589,2026-05-30,94,19,2,Junior,917,0,0,68.7,balanced
EMP00425,ASG005596,2026-05-31,89,18,3,Mid,1097,1,4,68.8,balanced
EMP00426,ASG005614,2026-06-01,100,17,8,Senior,3179,6,268,47.8,legacy
EMP00427,ASG005633,2026-05-30,81,19,8,Senior,3262,8,377,46.8,legacy
EMP00428,ASG005640,2026-05-28,70,21,3,Mid,1112,0,0,66.0,modern
EMP00429,ASG005645,2026-05-20,96,29,2,Junior,1013,2,128,36.0,legacy
EMP00430,ASG005648,2026-05-24,96,25,1,Junior,385,0,0,80.0,modern
EMP00431,ASG005658,2026-05-27,80,22,4,Mid,1683,3,137,51.4,balanced
EMP00432,ASG005662,2026-05-23,77,26,1,Junior,460,1,51,35.0,balanced
EMP00433,ASG005671,2026-05-15,92,34,3,Mid,1207,1,4,80.6,modern
EMP00434,ASG005676,2026-05-29,84,20,3,Mid,1093,2,88,29.5,legacy
EMP00435,ASG005691,2026-05-06,95,43,7,Senior,2559,6,286,49.5,legacy
EMP00436,ASG005708,2026-05-16,80,33,6,Mid,2481,2,21,84.3,modern
EMP00437,ASG005728,2026-05-07,92,42,8,Senior,2994,3,22,78.0,modern
EMP00438,ASG005734,2026-05-21,83,28,2,Junior,1022,0,0,75.7,modern
EMP00439,ASG005746,2026-06-02,86,16,5,Mid,2079,5,281,45.5,legacy
EMP00440,ASG005759,2026-06-15,89,3,5,Mid,2015,1,11,66.7,balanced
EMP00441,ASG005763,2026-05-05,73,44,1,Junior,436,1,35,51.7,balanced
EMP00442,ASG005780,2026-05-30,95,19,7,Senior,2769,3,101,59.2,balanced
EMP00443,ASG005789,2026-05-19,74,30,3,Mid,1171,2,45,74.0,modern
EMP00444,ASG005813,2026-05-25,90,24,12,Senior,4562,1,12,72.4,modern
EMP00445,ASG005817,2026-05-27,81,22,1,Junior,656,1,43,50.0,legacy
EMP00446,ASG005840,2026-05-24,76,25,8,Senior,3109,6,257,53.2,balanced
EMP00447,ASG005852,2026-05-11,96,38,6,Mid,2483,3,147,47.3,balanced
EMP00448,ASG005865,2026-06-02,71,16,5,Mid,2045,4,143,71.7,balanced
EMP00449,ASG005870,2026-06-01,76,17,2,Junior,890,3,151,40.0,legacy
EMP00450,ASG005883,2026-06-05,87,13,4,Mid,1641,2,68,56.8,balanced
EMP00451,ASG005911,2026-05-11,73,34,12,Senior,4619,4,59,72.4,modern
EMP00452,ASG005917,2026-05-20,73,29,1,Junior,675,1,31,56.5,legacy
EMP00453,ASG005935,2026-05-19,70,30,8,Senior,2894,7,74,74.0,balanced
EMP00454,ASG005947,2026-03-29,96,44,6,Mid,2338,4,169,54.8,balanced
EMP00455,ASG005951,2026-05-06,84,43,1,Junior,620,0,0,69.0,modern
EMP00456,ASG005975,2026-05-17,92,32,12,Senior,4534,7,238,57.0,legacy
EMP00457,ASG005994,2026-05-12,88,37,9,Senior,3361,7,254,57.0,balanced
EMP00458,ASG006010,2026-05-07,94,26,7,Senior,2586,3,187,41.2,legacy
EMP00459,ASG006015,2026-05-28,85,21,2,Junior,818,3,72,55.0,modern
EMP00460,ASG006024,2026-05-07,99,42,4,Mid,1587,2,107,58.7,balanced
EMP00461,ASG006039,2026-05-15,88,34,7,Senior,2595,4,159,52.0,balanced
EMP00462,ASG006044,2026-05-23,78,26,2,Junior,885,0,0,57.5,modern
EMP00463,ASG006051,2026-05-29,82,20,3,Mid,1283,0,0,68.6,balanced
EMP00464,ASG006071,2026-05-19,79,30,9,Senior,3420,2,35,78.0,modern
EMP00465,ASG006082,2026-06-09,89,9,5,Mid,1841,0,0,68.8,balanced
EMP00466,ASG006100,2026-05-11,75,38,8,Senior,2888,4,98,69.0,modern
EMP00467,ASG006113,2026-05-25,93,24,5,Mid,2012,2,113,47.4,legacy
EMP00468,ASG006118,2026-05-19,84,30,2,Junior,794,2,91,57.5,balanced
EMP00469,ASG006137,2026-05-30,79,19,8,Senior,2911,7,272,54.2,modern
EMP00470,ASG006157,2026-06-01,87,17,8,Senior,3028,2,8,80.2,modern
EMP00471,ASG006163,2026-05-06,87,43,2,Junior,779,0,0,65.7,balanced
EMP00472,ASG006169,2026-05-16,87,33,2,Junior,978,4,211,31.7,legacy
EMP00473,ASG006190,2026-06-02,98,16,9,Senior,3570,5,150,61.5,legacy
EMP00474,ASG006213,2026-06-02,74,16,9,Senior,3584,3,35,73.0,balanced
EMP00475,ASG006225,2026-05-29,99,20,5,Mid,1985,3,110,48.3,balanced
EMP00476,ASG006235,2026-06-02,74,16,4,Mid,1549,3,86,66.3,modern
EMP00477,ASG006245,2026-05-09,80,40,3,Mid,1255,0,0,70.6,modern
EMP00478,ASG006258,2026-03-09,83,44,5,Mid,2068,5,312,31.5,legacy
EMP00479,ASG006271,2026-05-05,94,44,5,Mid,1968,7,399,40.7,legacy
EMP00480,ASG006281,2026-05-13,94,36,5,Mid,1908,4,113,57.4,balanced
EMP00481,ASG006286,2026-05-28,95,21,2,Junior,804,1,41,32.0,legacy
EMP00482,ASG006314,2026-06-05,75,13,12,Senior,4621,6,103,66.8,balanced
EMP00483,ASG006320,2026-05-26,74,23,3,Mid,1084,0,0,76.7,modern
EMP00484,ASG006333,2026-05-11,72,38,6,Mid,2424,7,333,49.5,legacy
EMP00485,ASG006342,2026-05-27,88,22,3,Mid,1341,2,58,49.8,legacy
EMP00486,ASG006358,2026-05-29,77,20,5,Mid,2090,4,198,47.7,legacy
EMP00487,ASG006391,2026-05-20,70,29,15,Senior,5561,3,72,75.4,balanced
EMP00488,ASG006407,2026-05-15,100,34,7,Senior,2521,4,94,58.0,legacy
EMP00489,ASG006431,2026-05-23,78,26,9,Senior,3448,5,126,69.8,balanced
EMP00490,ASG006445,2026-05-25,93,24,7,Senior,2586,6,289,45.0,legacy
EMP00491,ASG006456,2026-05-10,93,39,4,Mid,1559,0,0,77.8,modern
EMP00492,ASG006463,2026-05-17,100,32,3,Mid,1335,3,128,49.0,legacy
EMP00493,ASG006482,2026-05-18,74,31,7,Senior,2792,1,19,71.0,modern
EMP00494,ASG006487,2026-05-12,99,37,1,Junior,579,1,24,58.3,balanced
EMP00495,ASG006495,2026-05-04,76,45,3,Mid,1186,2,118,48.4,legacy
EMP00496,ASG006501,2026-05-13,88,36,2,Junior,983,0,0,66.7,balanced
EMP00497,ASG006507,2026-05-06,86,43,2,Junior,1009,2,100,34.0,balanced
EMP00498,ASG006516,2026-05-20,80,29,3,Mid,1227,1,19,62.2,legacy
EMP00499,ASG006536,2026-06-12,96,6,10,Senior,3801,9,374,51.0,legacy
EMP00500,ASG006563,2026-06-03,71,15,12,Senior,4658,6,269,55.5,balanced
EMP00501,ASG006581,2026-05-13,71,36,7,Senior,2631,1,6,78.6,modern
EMP00502,ASG006584,2026-05-24,91,25,1,Junior,553,2,99,37.7,balanced
EMP00503,ASG006599,2026-05-13,72,36,5,Mid,2025,3,95,64.6,balanced
EMP00504,ASG006602,2026-05-26,77,23,1,Junior,414,0,0,71.5,modern
EMP00505,ASG006626,2026-05-17,95,32,10,Senior,3837,4,91,70.0,balanced
EMP00506,ASG006659,2026-05-11,85,38,15,Senior,5781,3,13,84.8,modern
EMP00507,ASG006674,2026-05-18,82,31,7,Senior,2545,3,99,60.2,modern
EMP00508,ASG006684,2026-05-26,95,23,5,Mid,1942,1,20,61.3,legacy
EMP00509,ASG006687,2026-05-09,100,40,1,Junior,338,0,0,53.5,balanced
EMP00510,ASG006698,2026-05-15,96,34,4,Mid,1588,2,103,49.0,balanced
EMP00511,ASG006700,2026-05-15,75,34,1,Junior,356,0,0,33.5,legacy
EMP00512,ASG006727,2026-06-03,81,15,12,Senior,4377,7,315,46.6,balanced
EMP00513,ASG006734,2026-06-03,74,15,2,Junior,1051,1,51,61.0,modern
EMP00514,ASG006751,2026-06-03,73,15,7,Senior,2680,4,81,68.0,balanced
EMP00515,ASG006765,2026-05-05,79,44,5,Mid,1970,0,0,86.2,modern
EMP00516,ASG006770,2026-04-16,83,30,2,Junior,946,1,39,64.3,modern
EMP00517,ASG006798,2026-05-10,92,39,15,Senior,5581,14,676,48.3,legacy
EMP00518,ASG006801,2026-05-27,76,22,1,Junior,515,2,121,33.5,balanced
EMP00519,ASG006815,2026-05-04,99,45,7,Senior,2655,7,188,60.0,balanced
EMP00520,ASG006823,2026-06-01,93,17,3,Mid,1216,2,21,72.5,balanced
EMP00521,ASG006840,2026-05-24,84,25,7,Senior,2776,4,161,48.0,balanced
EMP00522,ASG006847,2026-05-13,86,36,3,Mid,1260,2,61,49.4,legacy
EMP00523,ASG006860,2026-05-27,100,22,6,Mid,2192,2,58,63.6,balanced
EMP00524,ASG006881,2026-05-29,74,20,9,Senior,3490,0,0,79.2,modern
EMP00525,ASG006885,2026-06-01,70,17,1,Junior,556,1,27,55.0,modern
EMP00526,ASG006893,2026-05-04,88,45,2,Junior,956,0,0,77.7,modern
EMP00527,ASG006907,2026-06-03,73,15,6,Mid,2472,7,334,48.8,legacy
EMP00528,ASG006921,2026-05-06,99,43,6,Mid,2225,0,0,81.7,balanced
EMP00529,ASG006929,2026-05-20,88,29,3,Mid,1128,0,0,84.8,modern
EMP00530,ASG006935,2026-05-21,100,28,2,Junior,876,0,0,91.0,modern
EMP00531,ASG006959,2026-05-04,72,45,10,Senior,3879,7,239,61.2,modern
EMP00532,ASG006964,2026-05-25,77,24,2,Junior,853,1,29,60.0,legacy
EMP00533,ASG006982,2026-05-09,74,40,8,Senior,3197,2,49,62.8,balanced
EMP00534,ASG007015,2026-05-09,100,32,15,Senior,5582,7,257,65.2,modern
EMP00535,ASG007033,2026-06-03,84,15,7,Senior,2829,5,243,53.0,balanced
EMP00536,ASG007037,2026-05-07,100,42,1,Junior,481,0,0,48.5,modern
EMP00537,ASG007055,2026-05-31,92,18,7,Senior,2674,4,249,39.8,balanced
EMP00538,ASG007063,2026-05-25,78,24,4,Mid,1523,1,39,61.7,balanced
EMP00539,ASG007084,2026-05-06,80,43,9,Senior,3440,2,39,70.8,modern
EMP00540,ASG007095,2026-05-27,77,22,3,Mid,1377,1,20,60.4,modern
EMP00541,ASG007112,2026-05-27,75,22,7,Senior,2865,4,142,56.6,balanced
EMP00542,ASG007130,2026-05-30,86,19,7,Senior,2697,3,89,68.0,modern
EMP00543,ASG007136,2026-06-07,76,11,2,Junior,919,1,52,29.0,legacy
EMP00544,ASG007152,2026-05-28,70,21,6,Mid,2292,2,16,79.3,modern
EMP00545,ASG007171,2026-05-19,73,30,8,Senior,3014,7,180,62.2,modern
EMP00546,ASG007175,2026-05-21,99,28,1,Junior,498,0,0,76.5,modern
EMP00547,ASG007205,2026-05-07,81,42,12,Senior,4554,4,109,61.8,modern
EMP00548,ASG007212,2026-05-20,79,29,3,Mid,1188,1,11,73.3,balanced
EMP00549,ASG007215,2026-05-08,92,41,1,Junior,529,1,33,45.0,balanced
EMP00550,ASG007235,2026-05-05,70,44,8,Senior,3044,2,39,77.5,balanced
EMP00551,ASG007247,2026-05-26,92,23,5,Mid,2046,4,120,55.5,modern
EMP00552,ASG007263,2026-05-26,77,23,7,Senior,2743,5,133,70.0,balanced
EMP00553,ASG007278,2026-05-07,76,42,6,Mid,2472,7,356,42.7,balanced
EMP00554,ASG007287,2026-05-08,96,41,4,Mid,1472,0,0,83.7,balanced
EMP00555,ASG007297,2026-05-24,92,25,4,Mid,1492,3,74,61.7,modern
EMP00556,ASG007310,2026-05-14,70,35,5,Mid,1920,1,26,61.0,balanced
EMP00557,ASG007329,2026-04-09,70,42,8,Senior,2951,3,136,39.5,balanced
EMP00558,ASG007332,2026-05-17,89,32,1,Junior,384,0,0,90.0,modern
EMP00559,ASG007345,2026-06-01,78,17,5,Mid,2047,2,63,64.0,legacy
EMP00560,ASG007352,2026-05-06,98,43,3,Mid,1318,1,8,71.0,balanced
EMP00561,ASG007366,2026-05-23,94,26,6,Mid,2383,7,370,39.0,legacy
EMP00562,ASG007387,2026-05-14,91,35,10,Senior,3754,6,228,56.2,modern
EMP00563,ASG007395,2026-06-02,94,16,3,Mid,1196,3,138,39.7,balanced
EMP00564,ASG007403,2026-06-01,92,17,3,Mid,1292,1,52,52.0,balanced
EMP00565,ASG007427,2026-05-29,85,20,9,Senior,3598,4,76,66.8,balanced
EMP00566,ASG007430,2026-05-16,98,33,1,Junior,410,1,46,25.3,legacy
EMP00567,ASG007440,2026-05-31,79,18,4,Mid,1685,4,180,49.3,balanced
EMP00568,ASG007452,2026-05-19,92,30,4,Mid,1735,2,52,72.8,balanced
EMP00569,ASG007462,2026-05-05,89,44,4,Mid,1633,1,14,76.0,modern
EMP00570,ASG007468,2026-05-17,87,32,2,Junior,950,3,118,54.0,balanced
EMP00571,ASG007476,2026-05-26,81,23,3,Mid,1087,4,75,64.0,balanced
EMP00572,ASG007487,2026-05-27,96,22,5,Mid,1960,5,227,53.4,balanced
EMP00573,ASG007496,2026-05-17,94,32,3,Mid,1319,2,59,55.0,balanced
EMP00574,ASG007503,2026-06-09,76,9,3,Mid,1186,0,0,55.2,legacy
EMP00575,ASG007514,2026-06-09,92,9,4,Mid,1605,4,153,43.0,legacy
EMP00576,ASG007521,2026-05-21,95,28,3,Mid,1246,0,0,77.0,modern
EMP00577,ASG007525,2026-05-27,70,22,1,Junior,528,1,30,55.7,modern
EMP00578,ASG007538,2026-05-12,96,37,4,Mid,1594,2,33,83.8,modern
EMP00579,ASG007563,2026-05-14,95,35,12,Senior,4463,7,342,41.8,legacy
EMP00580,ASG007576,2026-05-26,72,23,5,Mid,2131,1,17,73.0,modern
EMP00581,ASG007587,2026-06-07,97,11,5,Mid,1819,1,4,84.0,modern
EMP00582,ASG007598,2026-06-11,72,7,4,Mid,1631,0,0,67.8,balanced
EMP00583,ASG007601,2026-05-12,83,37,1,Junior,336,0,0,54.5,balanced
EMP00584,ASG007615,2026-05-10,82,39,5,Mid,2063,3,107,57.7,modern
EMP00585,ASG007629,2026-06-02,91,16,5,Mid,2114,2,69,64.0,balanced
EMP00586,ASG007635,2026-05-27,85,22,2,Junior,986,2,79,46.5,legacy
EMP00587,ASG007670,2026-05-25,94,24,15,Senior,5542,6,116,67.7,balanced
EMP00588,ASG007685,2026-05-09,86,40,7,Senior,2520,5,183,56.3,legacy
EMP00589,ASG007704,2026-05-09,73,40,8,Senior,3054,4,101,62.7,balanced
EMP00590,ASG007730,2026-05-12,75,37,12,Senior,4558,12,617,40.0,balanced
EMP00591,ASG007739,2026-05-10,85,39,4,Mid,1607,0,0,71.0,balanced
EMP00592,ASG007749,2026-05-22,99,27,4,Mid,1726,2,85,61.8,modern
EMP00593,ASG007757,2026-05-31,92,18,4,Mid,1655,1,30,56.4,balanced
EMP00594,ASG007778,2026-05-12,82,37,10,Senior,3964,11,600,40.8,legacy
EMP00595,ASG007785,2026-05-31,90,18,3,Mid,1246,1,12,72.2,modern
EMP00596,ASG007795,2026-05-27,79,22,5,Mid,1879,1,4,65.8,modern
EMP00597,ASG007803,2026-05-06,98,43,4,Mid,1474,0,0,69.3,legacy
EMP00598,ASG007809,2026-06-14,94,4,1,Junior,682,2,73,57.3,legacy
EMP00599,ASG007837,2026-06-03,73,15,12,Senior,4365,4,49,74.5,balanced
EMP00600,ASG007842,2026-05-05,91,44,2,Junior,911,0,0,76.5,balanced
EMP00601,ASG007856,2026-05-09,100,40,6,Mid,2385,4,170,58.4,balanced
EMP00602,ASG007878,2026-05-13,99,36,9,Senior,3258,0,0,78.6,modern
EMP00603,ASG007890,2026-05-27,90,22,5,Mid,1811,3,80,74.5,modern
EMP00604,ASG007897,2026-05-21,86,28,3,Mid,1342,3,156,59.5,legacy
EMP00605,ASG007919,2026-05-22,86,27,9,Senior,3513,10,400,56.0,balanced
EMP00606,ASG007940,2026-05-07,97,42,10,Senior,3644,4,65,72.0,modern
EMP00607,ASG007945,2026-05-15,98,34,2,Junior,798,2,58,63.3,modern
EMP00608,ASG007981,2026-06-12,99,6,15,Senior,5590,2,34,72.7,modern
EMP00609,ASG007997,2026-06-14,96,4,6,Mid,2510,0,0,77.5,balanced
EMP00610,ASG008003,2026-05-29,98,20,2,Junior,925,0,0,58.5,modern
EMP00611,ASG008021,2026-05-09,78,40,9,Senior,3388,4,205,44.5,legacy
EMP00612,ASG008032,2026-05-11,88,38,5,Mid,1820,1,61,43.2,modern
EMP00613,ASG008039,2026-05-25,95,24,3,Mid,1222,4,213,50.5,balanced
EMP00614,ASG008043,2026-06-03,87,15,2,Junior,880,0,0,73.5,modern
EMP00615,ASG008046,2026-05-17,75,20,1,Junior,554,1,51,37.5,legacy
EMP00616,ASG008073,2026-05-12,71,37,12,Senior,4588,12,538,53.0,legacy
EMP00617,ASG008079,2026-05-21,84,28,3,Mid,1244,0,0,62.2,balanced
EMP00618,ASG008091,2026-06-02,92,16,4,Mid,1667,1,16,55.0,balanced
EMP00619,ASG008119,2026-05-31,77,18,12,Senior,4411,10,317,59.3,modern
EMP00620,ASG008128,2026-05-31,97,18,3,Mid,1266,2,49,68.0,modern
EMP00621,ASG008157,2026-05-31,85,18,12,Senior,4630,8,251,53.0,modern
EMP00622,ASG008191,2026-05-20,80,29,15,Senior,5483,4,43,85.0,modern
EMP00623,ASG008194,2026-05-22,95,27,1,Junior,393,0,0,79.0,modern
EMP00624,ASG008205,2026-05-25,93,24,5,Mid,1928,5,250,48.3,balanced
EMP00625,ASG008217,2026-05-20,79,29,4,Mid,1780,1,30,70.0,modern
EMP00626,ASG008230,2026-05-22,92,27,6,Mid,2347,5,266,43.6,legacy
EMP00627,ASG008234,2026-05-15,90,22,1,Junior,487,1,79,50.0,legacy
EMP00628,ASG008239,2026-05-04,85,45,2,Junior,816,2,72,53.7,legacy
EMP00629,ASG008251,2026-05-29,72,20,5,Mid,2094,2,32,71.5,modern
EMP00630,ASG008255,2026-05-12,75,37,1,Junior,440,1,11,76.0,modern
EMP00631,ASG008264,2026-05-16,91,33,4,Mid,1622,4,220,50.6,legacy
EMP00632,ASG008300,2026-05-26,72,23,15,Senior,5814,14,669,45.8,legacy
EMP00633,ASG008307,2026-05-14,80,35,3,Mid,1187,1,29,80.2,modern
EMP00634,ASG008328,2026-05-27,88,22,10,Senior,3726,1,27,83.8,modern
EMP00635,ASG008335,2026-05-07,81,42,4,Mid,1515,2,141,36.0,legacy
EMP00636,ASG008353,2026-05-07,89,42,9,Senior,3299,1,16,80.2,modern
EMP00637,ASG008356,2026-05-27,72,22,1,Junior,540,0,0,70.0,legacy
EMP00638,ASG008359,2026-06-03,89,15,1,Junior,410,0,0,57.5,balanced
EMP00639,ASG008368,2026-05-23,90,26,5,Mid,1821,3,141,49.2,balanced
EMP00640,ASG008405,2026-06-11,78,7,15,Senior,5794,1,4,78.8,modern
EMP00641,ASG008419,2026-05-27,75,22,6,Mid,2507,2,42,70.5,modern
EMP00642,ASG008433,2026-05-17,84,32,7,Senior,2566,1,6,73.0,balanced
EMP00643,ASG008463,2026-05-13,74,36,15,Senior,5535,4,61,71.0,modern
EMP00644,ASG008475,2026-06-04,84,14,5,Mid,1844,6,212,59.2,balanced
EMP00645,ASG008484,2026-05-08,75,41,4,Mid,1523,1,55,50.7,legacy
EMP00646,ASG008492,2026-05-15,99,34,3,Mid,1186,1,52,35.8,balanced
EMP00647,ASG008499,2026-05-08,82,41,3,Mid,1109,0,0,81.0,modern
EMP00648,ASG008511,2026-05-07,87,42,6,Mid,2160,3,185,36.6,legacy
EMP00649,ASG008518,2026-05-13,71,36,3,Mid,1175,1,25,56.8,balanced
EMP00650,ASG008529,2026-06-03,86,15,4,Mid,1757,1,17,71.0,balanced
EMP00651,ASG008532,2026-05-28,81,21,1,Junior,616,0,0,67.5,modern
EMP00652,ASG008538,2026-06-06,88,12,2,Junior,869,2,64,55.3,balanced
EMP00653,ASG008541,2026-05-25,91,24,1,Junior,422,0,0,70.0,modern
EMP00654,ASG008546,2026-06-02,81,16,2,Junior,760,1,55,41.7,legacy
EMP00655,ASG008568,2026-05-31,83,18,10,Senior,3657,3,84,71.0,modern
EMP00656,ASG008578,2026-05-19,78,30,4,Mid,1704,2,31,66.2,modern
EMP00657,ASG008590,2026-06-03,96,15,6,Mid,2328,2,68,50.0,balanced
EMP00658,ASG008600,2026-05-21,95,28,4,Mid,1741,2,59,71.7,balanced
EMP00659,ASG008612,2026-05-18,100,31,4,Mid,1776,1,17,79.3,modern
EMP00660,ASG008627,2026-05-29,99,20,6,Mid,2232,3,72,60.0,balanced
EMP00661,ASG008631,2026-05-09,96,40,1,Junior,464,2,39,59.3,balanced
EMP00662,ASG008666,2026-05-17,73,32,15,Senior,5508,3,43,77.8,balanced
EMP00663,ASG008670,2026-05-30,84,19,1,Junior,475,1,52,50.0,modern
EMP00664,ASG008674,2026-05-15,85,34,2,Junior,795,1,54,36.5,legacy
EMP00665,ASG008685,2026-05-19,71,30,4,Mid,1651,1,24,64.0,modern
EMP00666,ASG008694,2026-05-05,75,44,3,Mid,1119,2,63,68.6,balanced
EMP00667,ASG008699,2026-06-01,99,17,2,Junior,805,1,32,59.3,legacy
EMP00668,ASG008706,2026-05-22,89,27,3,Mid,1102,1,26,61.2,modern
EMP00669,ASG008715,2026-05-26,84,23,3,Mid,1216,1,12,61.2,balanced
EMP00670,ASG008735,2026-05-12,91,37,9,Senior,3444,6,222,57.0,balanced
EMP00671,ASG008739,2026-05-14,72,35,2,Junior,834,2,70,55.0,legacy
EMP00672,ASG008753,2026-05-19,97,30,5,Mid,2156,1,23,79.2,modern
EMP00673,ASG008761,2026-05-26,80,23,4,Mid,1456,2,47,67.0,legacy
EMP00674,ASG008787,2026-06-01,87,17,12,Senior,4507,7,198,58.0,modern
EMP00675,ASG008800,2026-06-03,71,15,6,Mid,2213,4,125,64.8,balanced
EMP00676,ASG008812,2026-05-27,77,22,5,Mid,1982,6,254,52.2,legacy
EMP00677,ASG008822,2026-05-07,85,42,4,Mid,1704,2,8,80.2,balanced
EMP00678,ASG008824,2026-05-22,95,27,1,Junior,421,0,0,51.0,legacy
EMP00679,ASG008835,2026-05-31,78,18,4,Mid,1750,4,135,60.8,modern
EMP00680,ASG008837,2026-03-26,88,43,1,Junior,369,0,0,44.7,legacy
EMP00681,ASG008843,2026-05-20,86,29,3,Mid,1099,0,0,81.6,balanced
EMP00682,ASG008848,2026-05-18,74,31,1,Junior,672,0,0,85.7,modern
EMP00683,ASG008859,2026-06-01,77,17,3,Mid,1335,3,107,56.5,balanced
EMP00684,ASG008863,2026-05-25,99,24,1,Junior,594,2,74,62.5,legacy
EMP00685,ASG008882,2026-05-01,71,23,8,Senior,2998,6,265,51.7,legacy
EMP00686,ASG008897,2026-05-13,96,36,7,Senior,2739,1,7,79.7,modern
EMP00687,ASG008906,2026-05-15,78,34,4,Mid,1569,1,8,76.7,modern
EMP00688,ASG008914,2026-05-27,81,22,3,Mid,1292,2,52,61.4,balanced
EMP00689,ASG008928,2026-04-22,81,36,5,Mid,1993,4,212,48.3,legacy
EMP00690,ASG008949,2026-05-20,80,29,8,Senior,2995,4,183,61.0,balanced
EMP00691,ASG008975,2026-05-17,87,32,8,Senior,3223,2,44,71.2,modern
EMP00692,ASG008993,2026-05-14,100,35,7,Senior,2582,6,309,44.5,balanced
EMP00693,ASG009009,2026-05-30,94,19,7,Senior,2611,6,225,42.4,legacy
EMP00694,ASG009016,2026-05-30,94,19,2,Junior,1057,1,4,73.3,balanced
EMP00695,ASG009035,2026-05-06,81,43,10,Senior,3805,9,450,43.0,legacy
EMP00696,ASG009043,2026-05-17,85,32,3,Mid,1230,4,146,59.3,balanced
EMP00697,ASG009051,2026-05-29,89,20,3,Mid,1269,3,120,47.6,balanced
EMP00698,ASG009068,2026-06-15,77,3,7,Senior,2595,4,118,55.8,legacy
EMP00699,ASG009072,2026-05-19,85,30,2,Junior,715,0,0,77.5,modern
EMP00700,ASG009084,2026-05-17,85,32,5,Mid,2100,4,143,56.4,balanced
EMP00701,ASG009120,2026-05-09,93,40,15,Senior,5444,2,8,80.5,modern
EMP00702,ASG009137,2026-05-15,95,34,7,Senior,2578,4,88,62.2,balanced
EMP00703,ASG009141,2026-05-07,98,42,2,Junior,834,1,37,55.0,balanced
EMP00704,ASG009161,2026-05-23,84,26,8,Senior,3001,3,83,61.5,modern
EMP00705,ASG009170,2026-06-10,74,8,4,Mid,1689,2,74,54.0,legacy
EMP00706,ASG009183,2026-06-03,95,15,5,Mid,1902,1,4,74.8,modern
EMP00707,ASG009205,2026-05-27,93,22,9,Senior,3389,1,4,75.0,legacy
EMP00708,ASG009215,2026-06-02,73,16,3,Mid,1276,1,18,74.3,modern
EMP00709,ASG009223,2026-06-15,76,3,3,Mid,1209,3,78,58.3,modern
EMP00710,ASG009227,2026-05-23,73,26,2,Junior,765,2,82,54.0,legacy
EMP00711,ASG009243,2026-06-01,70,17,7,Senior,2734,3,152,47.8,modern
EMP00712,ASG009246,2026-06-01,91,17,1,Junior,493,1,28,54.3,balanced
EMP00713,ASG009249,2026-05-10,89,39,1,Junior,424,0,0,57.5,balanced
EMP00714,ASG009253,2026-05-21,83,28,1,Junior,524,0,0,73.0,modern
EMP00715,ASG009274,2026-06-07,99,11,9,Senior,3588,8,306,51.0,legacy
EMP00716,ASG009279,2026-05-27,94,22,2,Junior,734,2,76,53.5,balanced
EMP00717,ASG009295,2026-05-13,70,36,7,Senior,2556,5,108,63.8,modern
EMP00718,ASG009304,2026-05-24,78,25,3,Mid,1289,4,135,59.0,legacy
EMP00719,ASG009316,2026-05-27,76,22,7,Senior,2698,7,403,38.8,legacy
EMP00720,ASG009320,2026-06-17,100,1,1,Junior,503,1,34,68.5,balanced
EMP00721,ASG009347,2026-05-13,79,36,12,Senior,4360,5,99,68.0,modern
EMP00722,ASG009355,2026-05-17,98,32,3,Mid,1107,1,20,70.0,modern
EMP00723,ASG009373,2026-06-14,74,4,8,Senior,3257,4,176,51.0,balanced
EMP00724,ASG009400,2026-06-02,76,16,12,Senior,4574,4,96,70.7,modern
EMP00725,ASG009411,2026-05-11,76,38,4,Mid,1680,3,62,52.8,modern
EMP00726,ASG009422,2026-06-12,81,6,4,Mid,1777,2,65,74.0,modern
EMP00727,ASG009441,2026-06-11,83,7,8,Senior,3161,4,186,51.5,balanced
EMP00728,ASG009461,2026-04-13,98,42,8,Senior,3069,4,103,69.6,modern
EMP00729,ASG009480,2026-05-22,85,27,10,Senior,3958,5,197,55.5,legacy
EMP00730,ASG009492,2026-05-31,76,18,6,Mid,2333,6,241,53.8,balanced
EMP00731,ASG009504,2026-06-05,70,13,4,Mid,1645,0,0,84.6,modern
EMP00732,ASG009511,2026-06-03,92,15,3,Mid,1209,1,30,57.7,legacy
EMP00733,ASG009530,2026-05-14,70,35,10,Senior,3728,5,159,64.0,balanced
EMP00734,ASG009541,2026-05-15,88,34,5,Mid,1913,7,353,49.6,legacy
EMP00735,ASG009563,2026-06-09,77,9,7,Senior,2860,1,12,74.0,modern
EMP00736,ASG009590,2026-05-06,95,43,12,Senior,4343,5,73,75.0,modern
EMP00737,ASG009594,2026-06-01,93,17,2,Junior,765,0,0,67.5,modern
EMP00738,ASG009615,2026-05-30,87,19,9,Senior,3268,4,112,59.6,balanced
EMP00739,ASG009632,2026-05-20,92,29,8,Senior,3113,5,167,58.2,legacy
EMP00740,ASG009641,2026-06-11,85,7,3,Mid,1190,0,0,69.5,modern
EMP00741,ASG009663,2026-05-06,80,43,8,Senior,3064,5,154,59.3,balanced
EMP00742,ASG009680,2026-05-12,97,37,8,Senior,3100,3,62,67.0,balanced
EMP00743,ASG009696,2026-05-13,71,36,7,Senior,2662,4,94,63.2,balanced
EMP00744,ASG009700,2026-04-12,97,34,1,Junior,505,3,71,55.0,modern
EMP00745,ASG009711,2026-05-09,75,40,4,Mid,1777,2,95,40.0,legacy
EMP00746,ASG009733,2026-05-27,92,22,9,Senior,3510,6,180,58.8,balanced
EMP00747,ASG009735,2026-05-21,72,28,1,Junior,430,1,43,50.7,balanced
EMP00748,ASG009753,2026-05-25,99,24,8,Senior,3127,2,40,63.2,balanced
EMP00749,ASG009760,2026-05-31,98,18,2,Junior,784,0,0,69.0,modern
EMP00750,ASG009770,2026-06-16,91,2,3,Mid,1256,0,0,76.6,modern
EMP00751,ASG009776,2026-06-01,70,17,3,Mid,1230,2,92,51.2,modern
EMP00752,ASG009780,2026-05-30,84,19,1,Junior,659,2,38,61.0,balanced
EMP00753,ASG009796,2026-05-22,96,27,7,Senior,2764,5,207,54.7,legacy
EMP00754,ASG009810,2026-05-23,84,26,6,Mid,2187,4,105,56.8,legacy
EMP00755,ASG009815,2026-05-07,93,42,2,Junior,746,1,27,64.0,legacy
EMP00756,ASG009831,2026-04-18,95,32,7,Senior,2818,6,287,42.0,legacy
EMP00757,ASG009841,2026-05-25,94,24,4,Mid,1474,2,39,63.0,modern
EMP00758,ASG009865,2026-06-01,100,17,12,Senior,4650,11,514,48.7,legacy
EMP00759,ASG009881,2026-06-01,74,17,7,Senior,2617,4,72,65.0,balanced
EMP00760,ASG009894,2026-05-06,81,43,4,Mid,1773,1,11,71.0,modern
EMP00761,ASG009897,2026-05-10,80,39,1,Junior,347,0,0,90.3,modern
EMP00762,ASG009901,2026-05-19,87,30,2,Junior,784,1,24,65.3,balanced
EMP00763,ASG009912,2026-05-24,91,25,4,Mid,1787,1,4,83.6,modern
EMP00764,ASG009943,2026-05-19,92,30,15,Senior,5473,6,197,59.5,modern
EMP00765,ASG009954,2026-05-19,94,30,4,Mid,1791,2,39,67.6,modern
EMP00766,ASG009973,2026-05-12,93,37,8,Senior,3025,2,11,75.8,balanced
EMP00767,ASG009982,2026-05-18,90,31,3,Mid,1271,0,0,73.8,modern
EMP00768,ASG010010,2026-05-29,79,20,12,Senior,4672,3,39,69.5,balanced
EMP00769,ASG010015,2026-06-02,89,16,2,Junior,811,1,26,62.0,balanced
EMP00770,ASG010034,2026-05-18,74,31,9,Senior,3282,4,210,50.6,legacy
EMP00771,ASG010058,2026-06-01,81,17,9,Senior,3498,2,47,75.2,modern
EMP00772,ASG010091,2026-05-19,84,30,15,Senior,5777,0,0,79.3,modern
EMP00773,ASG010112,2026-05-31,70,18,9,Senior,3521,3,55,66.0,modern
EMP00774,ASG010124,2026-05-06,79,43,4,Mid,1721,2,41,67.2,modern
EMP00775,ASG010148,2026-05-05,92,27,10,Senior,3651,8,211,61.2,balanced
EMP00776,ASG010165,2026-05-29,99,20,7,Senior,2847,0,0,78.2,modern
EMP00777,ASG010192,2026-05-23,93,26,12,Senior,4379,1,29,61.8,legacy
EMP00778,ASG010201,2026-05-06,80,20,4,Mid,1432,4,176,55.0,balanced
EMP00779,ASG010224,2026-05-05,84,44,9,Senior,3509,3,43,76.6,modern
EMP00780,ASG010229,2026-06-03,91,15,1,Junior,635,0,0,74.0,balanced
EMP00781,ASG010252,2026-05-24,73,25,12,Senior,4520,10,622,37.0,legacy
EMP00782,ASG010255,2026-05-11,90,38,1,Junior,396,0,0,75.3,balanced
EMP00783,ASG010275,2026-05-08,87,41,9,Senior,3384,5,165,50.0,legacy
EMP00784,ASG010285,2026-05-26,85,23,4,Mid,1487,4,146,50.2,legacy
EMP00785,ASG010311,2026-05-16,82,33,12,Senior,4479,10,337,56.7,balanced
EMP00786,ASG010343,2026-05-11,81,38,15,Senior,5769,15,779,45.0,balanced
EMP00787,ASG010355,2026-05-12,90,37,5,Mid,2101,3,119,61.7,modern
EMP00788,ASG010360,2026-06-03,100,15,2,Junior,1013,0,0,84.0,balanced
EMP00789,ASG010370,2026-06-01,93,17,4,Mid,1674,4,151,56.7,legacy
EMP00790,ASG010376,2026-05-31,76,18,2,Junior,1034,2,54,58.5,balanced
EMP00791,ASG010387,2026-03-28,93,34,6,Mid,2305,4,98,53.8,balanced
EMP00792,ASG010399,2026-05-26,80,23,5,Mid,2032,6,203,56.7,balanced
EMP00793,ASG010422,2026-05-24,91,25,9,Senior,3475,6,206,58.2,legacy
EMP00794,ASG010459,2026-05-31,93,18,15,Senior,5815,6,71,72.2,balanced
EMP00795,ASG010472,2026-06-02,91,16,6,Mid,2294,1,4,73.8,modern
EMP00796,ASG010492,2026-05-16,72,33,8,Senior,3199,7,220,60.6,modern
EMP00797,ASG010524,2026-06-02,96,16,15,Senior,5527,6,120,65.0,modern
EMP00798,ASG010532,2026-05-05,92,44,4,Mid,1620,5,237,43.5,legacy
EMP00799,ASG010553,2026-05-28,89,21,10,Senior,3806,2,62,64.3,legacy
EMP00800,ASG010569,2026-05-07,75,42,6,Mid,2452,4,164,52.6,legacy
